,symbol,time,open,high,low,close,volume,date
0,GOOG,2014-09-17 00:00:00-04:00,578.55,585.94,577.21,583.195,1041300,20140917
1,GOOG,2014-09-18 00:00:00-04:00,585.91,587.955,583.425,587.685,922600,20140918
2,GOOG,2014-09-19 00:00:00-04:00,589.905,594.875,587.915,594.475,2316500,20140919
3,GOOG,2014-09-22 00:00:00-04:00,591.605,592.35,581.89,585.79,1093600,20140922
4,GOOG,2014-09-23 00:00:00-04:00,584.26,585.27,579.435,579.565,973700,20140923
5,GOOG,2014-09-24 00:00:00-04:00,579.895,588.04,578.955,586.405,987700,20140924
6,GOOG,2014-09-25 00:00:00-04:00,585.97,586.395,572.635,573.51,1273500,20140925
7,GOOG,2014-09-26 00:00:00-04:00,574.51,577.69,573.115,575.545,945600,20140926
8,GOOG,2014-09-29 00:00:00-04:00,570.21,576.635,569.63,574.81,789200,20140929
9,GOOG,2014-09-30 00:00:00-04:00,574.9,578.29,571.305,575.805,987900,20140930
10,GOOG,2014-10-01 00:00:00-04:00,574.0,576.025,565.485,566.74,922000,20141001
11,GOOG,2014-10-02 00:00:00-04:00,565.78,570.37,561.805,568.545,744800,20141002
12,GOOG,2014-10-03 00:00:00-04:00,571.505,575.675,570.96,573.73,663700,20141003
13,GOOG,2014-10-06 00:00:00-04:00,577.24,579.435,572.895,575.795,809400,20141006
14,GOOG,2014-10-07 00:00:00-04:00,572.805,573.72,562.23,562.22,1299200,20141007
15,GOOG,2014-10-08 00:00:00-04:00,564.045,572.335,555.99,570.96,1281500,20141008
16,GOOG,2014-10-09 00:00:00-04:00,569.7,569.95,557.555,559.37,1515600,20141009
17,GOOG,2014-10-10 00:00:00-04:00,556.22,563.61,542.585,543.025,2045800,20141010
18,GOOG,2014-10-13 00:00:00-04:00,543.52,548.02,531.755,531.775,1546800,20141013
19,GOOG,2014-10-14 00:00:00-04:00,537.35,545.715,531.735,536.49,1433600,20141014
20,GOOG,2014-10-15 00:00:00-04:00,529.57,531.365,516.905,528.605,2507600,20141015
21,GOOG,2014-10-16 00:00:00-04:00,516.955,528.005,513.615,523.1,1913700,20141016
22,GOOG,2014-10-17 00:00:00-04:00,526.19,529.55,507.16,509.795,3740400,20141017
23,GOOG,2014-10-20 00:00:00-04:00,508.08,520.355,506.73,519.44,1761600,20141020
24,GOOG,2014-10-21 00:00:00-04:00,523.775,525.37,517.71,525.12,1555900,20141021
25,GOOG,2014-10-22 00:00:00-04:00,528.215,538.345,527.375,531.275,1916400,20141022
26,GOOG,2014-10-23 00:00:00-04:00,537.55,545.745,534.405,542.515,1543100,20141023
27,GOOG,2014-10-24 00:00:00-04:00,542.895,543.415,534.345,538.325,1335500,20141024
28,GOOG,2014-10-27 00:00:00-04:00,535.585,542.945,535.585,539.315,725700,20141027
29,GOOG,2014-10-28 00:00:00-04:00,541.54,547.5,540.16,547.42,743700,20141028
30,GOOG,2014-10-29 00:00:00-04:00,548.52,552.7,545.505,547.85,1141500,20141029
31,GOOG,2014-10-30 00:00:00-04:00,547.175,551.3,542.045,548.83,911200,20141030
32,GOOG,2014-10-31 00:00:00-04:00,558.005,558.065,553.255,557.575,1226400,20141031
33,GOOG,2014-11-03 00:00:00-05:00,552.59,556.4,551.74,553.725,872800,20141103
34,GOOG,2014-11-04 00:00:00-05:00,550.99,554.005,547.82,552.62,770100,20141104
35,GOOG,2014-11-05 00:00:00-05:00,555.19,555.3,542.585,544.45,1330900,20141105
36,GOOG,2014-11-06 00:00:00-05:00,544.02,545.405,539.515,540.58,892300,20141106
37,GOOG,2014-11-07 00:00:00-05:00,544.67,544.74,537.22,539.555,1062100,20141107
38,GOOG,2014-11-10 00:00:00-05:00,540.01,548.11,539.565,546.015,710500,20141110
39,GOOG,2014-11-11 00:00:00-05:00,547.015,550.455,544.83,548.81,634800,20141111
40,GOOG,2014-11-12 00:00:00-05:00,548.51,548.98,543.7,545.835,726900,20141112
41,GOOG,2014-11-13 00:00:00-05:00,548.32,548.32,542.015,543.91,958300,20141113
42,GOOG,2014-11-14 00:00:00-05:00,544.91,545.21,540.69,542.935,857500,20141114
43,GOOG,2014-11-17 00:00:00-05:00,542.115,542.325,532.62,535.065,1099000,20141117
44,GOOG,2014-11-18 00:00:00-05:00,536.055,540.48,532.73,533.59,1383100,20141118
45,GOOG,2014-11-19 00:00:00-05:00,533.56,536.79,528.655,535.545,925500,20141119
46,GOOG,2014-11-20 00:00:00-05:00,530.27,533.67,529.65,533.39,1034900,20141120
47,GOOG,2014-11-21 00:00:00-05:00,540.05,540.68,535.115,536.055,1534800,20141121
48,GOOG,2014-11-24 00:00:00-05:00,536.2,541.24,534.18,537.82,1196500,20141124
49,GOOG,2014-11-25 00:00:00-05:00,537.55,542.515,537.15,539.625,1161800,20141125
50,GOOG,2014-11-26 00:00:00-05:00,539.425,540.09,535.595,538.915,976400,20141126
51,GOOG,2014-11-28 00:00:00-05:00,539.165,540.54,535.155,540.37,676300,20141128
52,GOOG,2014-12-01 00:00:00-05:00,537.45,539.95,530.43,532.365,1350300,20141201
53,GOOG,2014-12-02 00:00:00-05:00,532.075,534.06,528.375,532.315,1014000,20141202
54,GOOG,2014-12-03 00:00:00-05:00,530.01,534.555,527.835,529.89,752200,20141203
55,GOOG,2014-12-04 00:00:00-05:00,529.73,535.895,527.165,535.865,891400,20141204
56,GOOG,2014-12-05 00:00:00-05:00,529.57,531.455,522.87,523.845,1703100,20141205
57,GOOG,2014-12-08 00:00:00-05:00,525.71,529.57,522.38,525.56,1392200,20141208
58,GOOG,2014-12-09 00:00:00-05:00,520.735,532.75,519.1,531.935,1184200,20141209
59,GOOG,2014-12-10 00:00:00-05:00,531.875,534.885,524.145,524.645,1043900,20141210
60,GOOG,2014-12-11 00:00:00-05:00,526.38,532.48,525.68,526.915,1015800,20141211
61,GOOG,2014-12-12 00:00:00-05:00,521.98,527.075,517.265,517.265,1264700,20141212
62,GOOG,2014-12-15 00:00:00-05:00,521.33,521.69,511.89,512.415,1769500,20141215
63,GOOG,2014-12-16 00:00:00-05:00,510.185,511.67,487.685,494.055,2679300,20141216
64,GOOG,2014-12-17 00:00:00-05:00,495.66,505.635,495.47,503.53,1776800,20141217
65,GOOG,2014-12-18 00:00:00-05:00,511.57,512.485,503.34,509.725,1627900,20141218
66,GOOG,2014-12-19 00:00:00-05:00,510.8,516.325,505.545,514.96,2122100,20141219
67,GOOG,2014-12-22 00:00:00-05:00,514.69,525.04,514.69,523.455,1725200,20141222
68,GOOG,2014-12-23 00:00:00-05:00,525.58,533.12,524.875,529.16,1601100,20141223
69,GOOG,2014-12-24 00:00:00-05:00,529.08,530.33,525.6,527.345,436600,20141224
70,GOOG,2014-12-26 00:00:00-05:00,527.345,532.81,525.89,532.59,678900,20141226
71,GOOG,2014-12-29 00:00:00-05:00,530.755,534.04,528.585,528.9,1866700,20141229
72,GOOG,2014-12-30 00:00:00-05:00,526.67,529.72,525.71,528.99,583600,20141230
73,GOOG,2014-12-31 00:00:00-05:00,529.82,531.165,524.385,524.985,956100,20141231
74,GOOG,2015-01-02 00:00:00-05:00,527.765,529.84,522.69,523.395,981800,20150102
75,GOOG,2015-01-05 00:00:00-05:00,521.85,522.92,511.68,512.485,1345100,20150105
76,GOOG,2015-01-06 00:00:00-05:00,513.615,514.79,499.7,500.61,2004000,20150106
77,GOOG,2015-01-07 00:00:00-05:00,505.725,505.885,498.305,499.75,1368700,20150107
78,GOOG,2015-01-08 00:00:00-05:00,496.64,502.125,489.68,501.325,2132100,20150108
79,GOOG,2015-01-09 00:00:00-05:00,503.39,503.56,493.46,494.835,1398800,20150109
80,GOOG,2015-01-12 00:00:00-05:00,493.595,494.645,486.245,491.225,1566200,20150112
81,GOOG,2015-01-13 00:00:00-05:00,497.495,501.625,491.065,494.845,1476100,20150113
82,GOOG,2015-01-14 00:00:00-05:00,493.25,501.875,491.67,499.52,1304400,20150114
83,GOOG,2015-01-15 00:00:00-05:00,504.13,504.33,496.42,500.44,1924000,20150115
84,GOOG,2015-01-16 00:00:00-05:00,498.665,506.82,498.655,506.71,1543200,20150116
85,GOOG,2015-01-20 00:00:00-05:00,509.625,511.12,504.645,505.535,1382700,20150120
86,GOOG,2015-01-21 00:00:00-05:00,505.755,517.88,504.835,516.645,1570700,20150121
87,GOOG,2015-01-22 00:00:00-05:00,520.075,534.885,518.3,532.95,1786600,20150122
88,GOOG,2015-01-23 00:00:00-05:00,534.15,540.71,531.565,538.495,1561300,20150123
89,GOOG,2015-01-26 00:00:00-05:00,537.08,537.55,528.245,533.77,1067200,20150126
90,GOOG,2015-01-27 00:00:00-05:00,528.74,529.27,516.795,517.235,1220800,20150127
91,GOOG,2015-01-28 00:00:00-05:00,521.37,521.58,508.625,508.625,1081500,20150128
92,GOOG,2015-01-29 00:00:00-05:00,509.545,509.715,499.85,509.285,2541000,20150129
93,GOOG,2015-01-30 00:00:00-05:00,514.51,538.415,514.13,533.08,3956400,20150130
94,GOOG,2015-02-02 00:00:00-05:00,530.03,531.565,517.155,527.055,1891900,20150202
95,GOOG,2015-02-03 00:00:00-05:00,526.58,531.965,521.85,527.815,1353400,20150203
96,GOOG,2015-02-04 00:00:00-05:00,527.815,531.245,519.865,521.35,1093900,20150204
97,GOOG,2015-02-05 00:00:00-05:00,522.38,527.075,520.685,526.16,1199100,20150205
98,GOOG,2015-02-06 00:00:00-05:00,526.22,535.755,524.995,529.57,1209200,20150206
99,GOOG,2015-02-09 00:00:00-05:00,526.04,530.565,524.605,526.41,853700,20150209
100,GOOG,2015-02-10 00:00:00-05:00,527.875,536.25,525.5,535.495,1104000,20150210
101,GOOG,2015-02-11 00:00:00-05:00,533.87,537.0,531.935,534.525,879900,20150211
102,GOOG,2015-02-12 00:00:00-05:00,535.655,543.355,533.23,541.47,1031400,20150212
103,GOOG,2015-02-13 00:00:00-05:00,541.715,548.43,541.665,547.53,1277100,20150213
104,GOOG,2015-02-17 00:00:00-05:00,545.14,548.52,539.635,541.38,1057900,20150217
105,GOOG,2015-02-18 00:00:00-05:00,539.94,544.02,536.065,538.245,1036800,20150218
106,GOOG,2015-02-19 00:00:00-05:00,537.17,541.65,536.56,541.41,615200,20150219
107,GOOG,2015-02-20 00:00:00-05:00,541.57,542.285,534.355,537.5,925000,20150220
108,GOOG,2015-02-23 00:00:00-05:00,534.605,534.995,527.985,530.48,915500,20150223
109,GOOG,2015-02-24 00:00:00-05:00,528.575,535.345,526.83,534.645,651100,20150224
110,GOOG,2015-02-25 00:00:00-05:00,534.455,544.75,534.0,542.405,1249200,20150225
111,GOOG,2015-02-26 00:00:00-05:00,541.745,554.64,540.04,553.985,1471900,20150226
112,GOOG,2015-02-27 00:00:00-05:00,552.805,563.19,551.41,556.895,1408500,20150227
113,GOOG,2015-03-02 00:00:00-05:00,559.02,570.61,557.245,569.8,1365200,20150302
114,GOOG,2015-03-03 00:00:00-05:00,570.52,573.84,564.995,572.095,1123600,20150303
115,GOOG,2015-03-04 00:00:00-05:00,570.33,575.555,566.48,571.825,1198000,20150304
116,GOOG,2015-03-05 00:00:00-05:00,573.47,576.355,571.865,573.78,909300,20150305
117,GOOG,2015-03-06 00:00:00-05:00,573.33,575.125,565.235,566.155,970000,20150306
118,GOOG,2015-03-09 00:00:00-04:00,565.335,568.735,562.015,567.32,632500,20150309
119,GOOG,2015-03-10 00:00:00-04:00,562.73,563.33,553.235,553.515,1070600,20150310
120,GOOG,2015-03-11 00:00:00-04:00,553.645,556.635,549.195,549.695,1157600,20150311
121,GOOG,2015-03-12 00:00:00-04:00,552.22,554.87,548.98,554.015,845900,20150312
122,GOOG,2015-03-13 00:00:00-04:00,552.06,556.895,542.755,545.845,1169100,20150313
123,GOOG,2015-03-16 00:00:00-04:00,549.465,555.35,544.53,553.015,1034500,20150316
124,GOOG,2015-03-17 00:00:00-04:00,550.225,552.31,546.525,549.355,863900,20150317
125,GOOG,2015-03-18 00:00:00-04:00,551.43,558.275,545.525,557.995,888300,20150318
126,GOOG,2015-03-19 00:00:00-04:00,557.885,559.29,554.64,556.485,722200,20150319
127,GOOG,2015-03-20 00:00:00-04:00,560.215,560.215,557.545,558.85,1400800,20150320
128,GOOG,2015-03-23 00:00:00-04:00,558.92,560.845,554.335,557.305,859700,20150323
129,GOOG,2015-03-24 00:00:00-04:00,561.045,573.045,559.7,568.655,1513400,20150324
130,GOOG,2015-03-25 00:00:00-04:00,568.965,570.72,557.235,557.28,1076300,20150325
131,GOOG,2015-03-26 00:00:00-04:00,556.09,557.395,549.165,553.675,953100,20150326
132,GOOG,2015-03-27 00:00:00-04:00,551.33,553.785,546.655,546.865,1308000,20150327
133,GOOG,2015-03-30 00:00:00-04:00,550.065,551.98,546.695,550.545,684600,20150330
134,GOOG,2015-03-31 00:00:00-04:00,548.44,553.215,545.25,546.525,930800,20150331
135,GOOG,2015-04-01 00:00:00-04:00,546.715,549.655,538.045,541.1,1156100,20150401
136,GOOG,2015-04-02 00:00:00-04:00,539.395,539.395,532.405,534.09,1108300,20150402
137,GOOG,2015-04-06 00:00:00-04:00,530.785,536.96,528.145,535.32,864000,20150406
138,GOOG,2015-04-07 00:00:00-04:00,536.63,541.23,534.555,535.575,917600,20150407
139,GOOG,2015-04-08 00:00:00-04:00,536.93,542.385,536.93,540.15,755200,20150408
140,GOOG,2015-04-09 00:00:00-04:00,539.575,540.49,534.05,539.325,984600,20150409
141,GOOG,2015-04-10 00:00:00-04:00,540.83,540.83,535.865,538.555,976800,20150410
142,GOOG,2015-04-13 00:00:00-04:00,536.96,542.595,535.865,537.72,968800,20150413
143,GOOG,2015-04-14 00:00:00-04:00,534.805,536.12,526.67,528.96,1691000,20150414
144,GOOG,2015-04-15 00:00:00-04:00,527.275,533.29,521.81,531.095,1565200,20150415
145,GOOG,2015-04-16 00:00:00-04:00,528.475,534.15,528.185,532.365,886000,20150416
146,GOOG,2015-04-17 00:00:00-04:00,526.06,528.415,519.605,522.64,1373300,20150417
147,GOOG,2015-04-20 00:00:00-04:00,524.185,534.645,523.09,533.94,1106700,20150420
148,GOOG,2015-04-21 00:00:00-04:00,536.065,537.94,532.235,532.53,865300,20150421
149,GOOG,2015-04-22 00:00:00-04:00,532.96,539.625,530.32,537.915,1059900,20150422
150,GOOG,2015-04-23 00:00:00-04:00,539.545,549.475,538.775,545.525,2099800,20150423
151,GOOG,2015-04-24 00:00:00-04:00,564.575,569.6,555.75,563.54,3251200,20150424
152,GOOG,2015-04-27 00:00:00-04:00,563.43,565.95,553.2,555.37,1687000,20150427
153,GOOG,2015-04-28 00:00:00-04:00,554.21,556.02,550.36,553.68,1006300,20150428
154,GOOG,2015-04-29 00:00:00-04:00,550.47,553.68,546.9,549.08,878300,20150429
155,GOOG,2015-04-30 00:00:00-04:00,547.87,548.59,535.05,537.34,1320700,20150430
156,GOOG,2015-05-01 00:00:00-04:00,538.43,539.54,532.1,537.9,1171700,20150501
157,GOOG,2015-05-04 00:00:00-04:00,538.53,544.07,535.06,540.78,880500,20150504
158,GOOG,2015-05-05 00:00:00-04:00,538.21,539.74,530.39,530.8,917100,20150505
159,GOOG,2015-05-06 00:00:00-04:00,531.24,532.38,521.08,524.22,1015900,20150506
160,GOOG,2015-05-07 00:00:00-04:00,522.74,533.46,521.75,530.7,1016400,20150507
161,GOOG,2015-05-08 00:00:00-04:00,536.38,541.15,536.0,538.22,914300,20150508
162,GOOG,2015-05-11 00:00:00-04:00,538.37,541.98,535.4,535.7,567800,20150511
163,GOOG,2015-05-12 00:00:00-04:00,531.6,533.21,525.26,529.04,1180000,20150512
164,GOOG,2015-05-13 00:00:00-04:00,530.56,534.33,528.65,529.62,864600,20150513
165,GOOG,2015-05-14 00:00:00-04:00,533.77,539.0,532.41,538.4,883400,20150514
166,GOOG,2015-05-15 00:00:00-04:00,539.18,539.28,530.38,533.85,1375200,20150515
167,GOOG,2015-05-18 00:00:00-04:00,532.01,534.82,528.85,532.3,1378400,20150518
168,GOOG,2015-05-19 00:00:00-04:00,533.48,540.66,533.04,537.36,1243300,20150519
169,GOOG,2015-05-20 00:00:00-04:00,538.49,542.92,532.97,539.27,928200,20150520
170,GOOG,2015-05-21 00:00:00-04:00,537.37,543.84,535.98,542.51,949700,20150521
171,GOOG,2015-05-22 00:00:00-04:00,539.56,544.19,539.51,540.11,767500,20150522
172,GOOG,2015-05-26 00:00:00-04:00,538.12,539.0,529.88,532.32,1342800,20150526
173,GOOG,2015-05-27 00:00:00-04:00,532.8,540.55,531.71,539.79,900300,20150527
174,GOOG,2015-05-28 00:00:00-04:00,538.01,540.61,536.25,539.78,610500,20150528
175,GOOG,2015-05-29 00:00:00-04:00,537.37,538.63,531.45,532.11,1308500,20150529
176,GOOG,2015-06-01 00:00:00-04:00,536.79,536.79,529.76,533.99,1356600,20150601
177,GOOG,2015-06-02 00:00:00-04:00,532.93,543.0,531.33,539.18,1293200,20150602
178,GOOG,2015-06-03 00:00:00-04:00,539.91,543.5,537.11,540.31,999400,20150603
179,GOOG,2015-06-04 00:00:00-04:00,537.76,540.59,534.32,536.7,899400,20150604
180,GOOG,2015-06-05 00:00:00-04:00,536.35,537.2,532.52,533.33,982200,20150605
181,GOOG,2015-06-08 00:00:00-04:00,533.31,534.12,526.24,526.83,1082300,20150608
182,GOOG,2015-06-09 00:00:00-04:00,528.71,529.2,523.01,526.69,938400,20150609
183,GOOG,2015-06-10 00:00:00-04:00,529.36,538.36,529.35,536.69,1205800,20150610
184,GOOG,2015-06-11 00:00:00-04:00,538.42,538.98,533.02,534.61,694800,20150611
185,GOOG,2015-06-12 00:00:00-04:00,531.6,533.12,530.16,532.33,578200,20150612
186,GOOG,2015-06-15 00:00:00-04:00,528.0,528.3,524.0,527.2,1007400,20150615
187,GOOG,2015-06-16 00:00:00-04:00,528.33,529.64,525.56,528.15,713500,20150616
188,GOOG,2015-06-17 00:00:00-04:00,529.37,530.98,525.1,529.26,682000,20150617
189,GOOG,2015-06-18 00:00:00-04:00,531.0,538.15,530.79,536.73,1190100,20150618
190,GOOG,2015-06-19 00:00:00-04:00,537.52,538.25,533.01,536.69,1240100,20150619
191,GOOG,2015-06-22 00:00:00-04:00,539.59,543.74,537.53,538.19,717900,20150622
192,GOOG,2015-06-23 00:00:00-04:00,539.64,541.49,535.25,540.48,793100,20150623
193,GOOG,2015-06-24 00:00:00-04:00,539.95,540.0,535.66,537.84,915900,20150624
194,GOOG,2015-06-25 00:00:00-04:00,538.87,540.9,535.24,535.23,776900,20150625
195,GOOG,2015-06-26 00:00:00-04:00,537.26,537.76,531.35,531.69,973100,20150626
196,GOOG,2015-06-29 00:00:00-04:00,525.01,528.61,520.54,521.52,1285900,20150629
197,GOOG,2015-06-30 00:00:00-04:00,526.02,526.25,520.5,520.51,1607900,20150630
198,GOOG,2015-07-01 00:00:00-04:00,524.73,525.69,518.23,521.84,1284400,20150701
199,GOOG,2015-07-02 00:00:00-04:00,521.08,524.65,521.08,523.4,879400,20150702
200,GOOG,2015-07-06 00:00:00-04:00,519.5,525.25,519.0,522.86,857600,20150706
201,GOOG,2015-07-07 00:00:00-04:00,523.13,526.18,515.18,525.02,1057600,20150707
202,GOOG,2015-07-08 00:00:00-04:00,521.05,522.74,516.11,516.83,812000,20150708
203,GOOG,2015-07-09 00:00:00-04:00,523.12,523.77,520.35,520.68,1422600,20150709
204,GOOG,2015-07-10 00:00:00-04:00,526.29,532.56,525.55,530.13,1306900,20150710
205,GOOG,2015-07-13 00:00:00-04:00,532.88,547.11,532.4,546.55,1426000,20150713
206,GOOG,2015-07-14 00:00:00-04:00,546.76,565.85,546.71,561.1,2338000,20150714
207,GOOG,2015-07-15 00:00:00-04:00,560.31,566.51,556.79,560.22,1147800,20150715
208,GOOG,2015-07-16 00:00:00-04:00,565.12,580.68,565.0,579.85,2518500,20150716
209,GOOG,2015-07-17 00:00:00-04:00,649.24,674.47,645.0,672.93,7978800,20150717
210,GOOG,2015-07-20 00:00:00-04:00,659.6,668.88,653.01,663.02,3935200,20150720
211,GOOG,2015-07-21 00:00:00-04:00,655.37,673.0,654.3,662.3,2192100,20150721
212,GOOG,2015-07-22 00:00:00-04:00,660.89,678.64,659.0,662.1,2663900,20150722
213,GOOG,2015-07-23 00:00:00-04:00,660.67,663.63,641.0,644.28,2104900,20150723
214,GOOG,2015-07-24 00:00:00-04:00,647.0,648.17,622.52,623.56,2609800,20150724
215,GOOG,2015-07-27 00:00:00-04:00,621.07,634.3,620.5,627.26,1560600,20150727
216,GOOG,2015-07-28 00:00:00-04:00,632.71,632.83,623.31,628.0,1106600,20150728
217,GOOG,2015-07-29 00:00:00-04:00,628.8,633.36,622.65,631.93,1060300,20150729
218,GOOG,2015-07-30 00:00:00-04:00,630.0,635.22,622.05,632.59,894900,20150730
219,GOOG,2015-07-31 00:00:00-04:00,631.38,632.91,625.5,625.61,900300,20150731
220,GOOG,2015-08-03 00:00:00-04:00,625.77,633.06,625.34,631.21,826100,20150803
221,GOOG,2015-08-04 00:00:00-04:00,628.42,634.81,627.16,629.25,966300,20150804
222,GOOG,2015-08-05 00:00:00-04:00,634.33,647.86,633.16,643.78,1466500,20150805
223,GOOG,2015-08-06 00:00:00-04:00,645.0,645.38,632.25,642.68,969000,20150806
224,GOOG,2015-08-07 00:00:00-04:00,640.19,642.68,629.71,635.3,840400,20150807
225,GOOG,2015-08-10 00:00:00-04:00,639.48,643.44,631.24,633.73,797900,20150810
226,GOOG,2015-08-11 00:00:00-04:00,669.2,674.9,654.27,660.78,3414500,20150811
227,GOOG,2015-08-12 00:00:00-04:00,663.08,665.0,652.29,659.56,1816700,20150812
228,GOOG,2015-08-13 00:00:00-04:00,659.32,664.5,651.66,656.45,1036600,20150813
229,GOOG,2015-08-14 00:00:00-04:00,654.56,659.86,652.66,657.12,648900,20150814
230,GOOG,2015-08-17 00:00:00-04:00,656.8,661.38,651.24,660.87,661100,20150817
231,GOOG,2015-08-18 00:00:00-04:00,661.9,664.0,653.46,656.13,1016000,20150818
232,GOOG,2015-08-19 00:00:00-04:00,656.6,667.0,654.19,660.9,1446800,20150819
233,GOOG,2015-08-20 00:00:00-04:00,655.46,662.99,642.9,646.83,1760800,20150820
234,GOOG,2015-08-21 00:00:00-04:00,640.04,640.05,612.33,612.48,2555700,20150821
235,GOOG,2015-08-24 00:00:00-04:00,573.01,614.0,565.05,589.61,3720000,20150824
236,GOOG,2015-08-25 00:00:00-04:00,614.91,617.45,581.11,582.06,2290700,20150825
237,GOOG,2015-08-26 00:00:00-04:00,610.35,631.71,599.05,628.62,2421000,20150826
238,GOOG,2015-08-27 00:00:00-04:00,639.4,643.59,622.0,637.61,2110100,20150827
239,GOOG,2015-08-28 00:00:00-04:00,632.82,636.88,624.56,630.38,1285400,20150828
240,GOOG,2015-08-31 00:00:00-04:00,626.44,635.8,617.68,618.25,1344500,20150831
241,GOOG,2015-09-01 00:00:00-04:00,602.36,612.86,594.1,597.79,2452200,20150901
242,GOOG,2015-09-02 00:00:00-04:00,606.71,614.34,599.71,614.34,1503500,20150902
243,GOOG,2015-09-03 00:00:00-04:00,617.0,619.71,602.821,606.25,1759572,20150903
244,GOOG,2015-09-04 00:00:00-04:00,600.0,603.47,595.25,600.7,2089453,20150904
245,GOOG,2015-09-08 00:00:00-04:00,612.49,616.31,604.12,614.66,2279538,20150908
246,GOOG,2015-09-09 00:00:00-04:00,621.22,626.52,609.6,612.72,1702094,20150909
247,GOOG,2015-09-10 00:00:00-04:00,613.1,624.16,611.43,621.35,1905276,20150910
248,GOOG,2015-09-11 00:00:00-04:00,619.75,625.78,617.42,625.77,1373545,20150911
249,GOOG,2015-09-14 00:00:00-04:00,625.7,625.86,619.43,623.24,1702271,20150914
250,GOOG,2015-09-15 00:00:00-04:00,626.7,638.7,623.78,635.14,2084397,20150915
251,GOOG,2015-09-16 00:00:00-04:00,635.47,637.95,632.32,635.98,1286454,20150916
252,GOOG,2015-09-17 00:00:00-04:00,637.79,650.9,635.02,642.9,2274690,20150917
253,GOOG,2015-09-18 00:00:00-04:00,636.79,640.0,627.02,629.25,5133386,20150918
254,GOOG,2015-09-21 00:00:00-04:00,634.4,636.49,625.94,635.44,1788506,20150921
255,GOOG,2015-09-22 00:00:00-04:00,627.0,627.55,615.43,622.69,2562869,20150922
256,GOOG,2015-09-23 00:00:00-04:00,622.05,628.93,620.0,622.36,1470949,20150923
257,GOOG,2015-09-24 00:00:00-04:00,616.64,627.32,612.4,625.8,2240098,20150924
258,GOOG,2015-09-25 00:00:00-04:00,629.77,629.77,611.0,611.97,2174009,20150925
259,GOOG,2015-09-28 00:00:00-04:00,610.34,614.605,589.38,594.89,3127667,20150928
260,GOOG,2015-09-29 00:00:00-04:00,597.28,605.0,590.22,594.97,2310284,20150929
261,GOOG,2015-09-30 00:00:00-04:00,603.28,608.76,600.73,608.42,2413441,20150930
262,GOOG,2015-10-01 00:00:00-04:00,608.37,612.09,599.85,611.29,1867601,20151001
263,GOOG,2015-10-02 00:00:00-04:00,607.2,627.34,603.13,626.91,2684805,20151002
264,GOOG,2015-10-05 00:00:00-04:00,632.0,643.01,627.0,641.47,1803643,20151005
265,GOOG,2015-10-06 00:00:00-04:00,638.84,649.25,636.529,645.44,2236847,20151006
266,GOOG,2015-10-07 00:00:00-04:00,649.24,650.609,632.15,642.36,2092714,20151007
267,GOOG,2015-10-08 00:00:00-04:00,641.36,644.45,625.56,639.16,2182081,20151008
268,GOOG,2015-10-09 00:00:00-04:00,640.0,645.99,635.318,643.61,1648736,20151009
269,GOOG,2015-10-12 00:00:00-04:00,642.09,648.5,639.01,646.67,1276134,20151012
270,GOOG,2015-10-13 00:00:00-04:00,643.15,657.812,643.15,652.3,1807685,20151013
271,GOOG,2015-10-14 00:00:00-04:00,653.21,659.39,648.85,651.16,1415468,20151014
272,GOOG,2015-10-15 00:00:00-04:00,654.66,663.13,654.46,661.74,1885737,20151015
273,GOOG,2015-10-16 00:00:00-04:00,664.11,664.97,657.2,662.2,1611128,20151016
274,GOOG,2015-10-19 00:00:00-04:00,661.18,666.82,659.58,666.1,1477340,20151019
275,GOOG,2015-10-20 00:00:00-04:00,664.04,664.72,644.195,650.28,2498215,20151020
276,GOOG,2015-10-21 00:00:00-04:00,654.15,655.87,641.73,642.61,1794172,20151021
277,GOOG,2015-10-22 00:00:00-04:00,646.7,657.8,644.01,651.79,4070954,20151022
278,GOOG,2015-10-23 00:00:00-04:00,727.5,730.0,701.5,702.0,6653923,20151023
279,GOOG,2015-10-26 00:00:00-04:00,701.55,719.15,701.26,712.78,2716615,20151026
280,GOOG,2015-10-27 00:00:00-04:00,707.38,713.62,704.55,708.49,2245796,20151027
281,GOOG,2015-10-28 00:00:00-04:00,707.33,712.98,703.08,712.95,2178917,20151028
282,GOOG,2015-10-29 00:00:00-04:00,710.5,718.26,710.01,716.92,1455965,20151029
283,GOOG,2015-10-30 00:00:00-04:00,715.73,718.0,710.05,710.81,1908774,20151030
284,GOOG,2015-11-02 00:00:00-05:00,711.06,721.62,705.85,721.11,1886250,20151102
285,GOOG,2015-11-03 00:00:00-05:00,718.86,724.65,714.72,722.16,1565379,20151103
286,GOOG,2015-11-04 00:00:00-05:00,722.0,733.1,721.9,728.11,1706700,20151104
287,GOOG,2015-11-05 00:00:00-05:00,729.47,739.48,729.47,731.25,1861550,20151105
288,GOOG,2015-11-06 00:00:00-05:00,731.5,735.41,727.01,733.76,1511599,20151106
289,GOOG,2015-11-09 00:00:00-05:00,730.2,734.71,719.43,724.89,2069807,20151109
290,GOOG,2015-11-10 00:00:00-05:00,724.4,730.59,718.5,728.32,1607994,20151110
291,GOOG,2015-11-11 00:00:00-05:00,732.46,741.0,730.23,735.4,1366995,20151111
292,GOOG,2015-11-12 00:00:00-05:00,731.0,737.8,728.645,731.23,1837154,20151112
293,GOOG,2015-11-13 00:00:00-05:00,729.17,731.15,716.73,717.0,2075504,20151113
294,GOOG,2015-11-16 00:00:00-05:00,715.6,729.49,711.33,728.96,1905893,20151116
295,GOOG,2015-11-17 00:00:00-05:00,729.29,731.845,723.027,725.3,1510903,20151117
296,GOOG,2015-11-18 00:00:00-05:00,727.58,741.41,727.0,740.0,1684259,20151118
297,GOOG,2015-11-19 00:00:00-05:00,738.74,742.0,737.43,738.41,1327879,20151119
298,GOOG,2015-11-20 00:00:00-05:00,746.53,757.92,743.0,756.6,2213284,20151120
299,GOOG,2015-11-23 00:00:00-05:00,757.45,762.708,751.82,755.98,1415385,20151123
300,GOOG,2015-11-24 00:00:00-05:00,752.0,755.279,737.63,748.28,2334197,20151124
301,GOOG,2015-11-25 00:00:00-05:00,748.14,752.0,746.06,748.15,1122224,20151125
302,GOOG,2015-11-27 00:00:00-05:00,748.46,753.41,747.49,750.26,838528,20151127
303,GOOG,2015-11-30 00:00:00-05:00,748.81,754.93,741.27,742.6,2097624,20151130
304,GOOG,2015-12-01 00:00:00-05:00,747.11,768.95,746.7,767.04,2134621,20151201
305,GOOG,2015-12-02 00:00:00-05:00,768.9,775.955,758.96,762.38,2230373,20151202
306,GOOG,2015-12-03 00:00:00-05:00,766.01,768.995,745.63,752.54,2590641,20151203
307,GOOG,2015-12-04 00:00:00-05:00,753.1,768.49,750.0,766.81,2757283,20151204
308,GOOG,2015-12-07 00:00:00-05:00,767.77,768.73,755.09,763.25,1812314,20151207
309,GOOG,2015-12-08 00:00:00-05:00,757.89,764.8,754.2,762.37,1829475,20151208
310,GOOG,2015-12-09 00:00:00-05:00,759.17,764.23,737.001,751.61,2699990,20151209
311,GOOG,2015-12-10 00:00:00-05:00,752.85,755.85,743.83,749.46,1988380,20151210
312,GOOG,2015-12-11 00:00:00-05:00,741.16,745.71,736.75,738.87,2224410,20151211
313,GOOG,2015-12-14 00:00:00-05:00,741.79,748.73,724.17,747.77,2421236,20151214
314,GOOG,2015-12-15 00:00:00-05:00,753.0,758.08,743.01,743.4,2666229,20151215
315,GOOG,2015-12-16 00:00:00-05:00,750.0,760.59,739.435,758.09,1993251,20151216
316,GOOG,2015-12-17 00:00:00-05:00,762.42,762.68,749.0,749.43,1553418,20151217
317,GOOG,2015-12-18 00:00:00-05:00,746.51,754.13,738.15,739.31,3148743,20151218
318,GOOG,2015-12-21 00:00:00-05:00,746.13,750.0,740.0,747.77,1525703,20151221
319,GOOG,2015-12-22 00:00:00-05:00,751.65,754.85,745.53,750.0,1365520,20151222
320,GOOG,2015-12-23 00:00:00-05:00,753.47,754.21,744.0,750.31,1566726,20151223
321,GOOG,2015-12-24 00:00:00-05:00,749.55,751.35,746.62,748.4,527223,20151224
322,GOOG,2015-12-28 00:00:00-05:00,752.92,762.99,749.52,762.51,1515716,20151228
323,GOOG,2015-12-29 00:00:00-05:00,766.69,779.98,766.43,776.6,1765012,20151229
324,GOOG,2015-12-30 00:00:00-05:00,776.6,777.6,766.9,771.0,1293521,20151230
325,GOOG,2015-12-31 00:00:00-05:00,769.5,769.5,758.34,758.88,1500923,20151231
326,GOOG,2016-01-04 00:00:00-05:00,743.0,744.06,731.258,741.84,3272776,20160104
327,GOOG,2016-01-05 00:00:00-05:00,746.45,752.0,738.64,742.58,1950691,20160105
328,GOOG,2016-01-06 00:00:00-05:00,730.0,747.18,728.92,743.62,1947034,20160106
329,GOOG,2016-01-07 00:00:00-05:00,730.31,738.5,719.06,726.39,2963741,20160107
330,GOOG,2016-01-08 00:00:00-05:00,731.45,733.23,713.0,714.47,2450857,20160108
331,GOOG,2016-01-11 00:00:00-05:00,716.61,718.855,703.54,716.03,2090621,20160111
332,GOOG,2016-01-12 00:00:00-05:00,721.68,728.75,717.317,726.07,2024509,20160112
333,GOOG,2016-01-13 00:00:00-05:00,730.85,734.74,698.61,700.56,2501730,20160113
334,GOOG,2016-01-14 00:00:00-05:00,705.38,721.925,689.1,714.72,2225768,20160114
335,GOOG,2016-01-15 00:00:00-05:00,692.29,706.74,685.37,694.45,3608109,20160115
336,GOOG,2016-01-19 00:00:00-05:00,703.3,709.98,693.41,701.79,2268078,20160119
337,GOOG,2016-01-20 00:00:00-05:00,688.61,706.85,673.26,698.45,3444962,20160120
338,GOOG,2016-01-21 00:00:00-05:00,702.18,719.19,694.46,706.59,2412211,20160121
339,GOOG,2016-01-22 00:00:00-05:00,723.6,728.13,720.121,725.25,2011797,20160122
340,GOOG,2016-01-25 00:00:00-05:00,723.58,729.68,710.01,711.67,1711716,20160125
341,GOOG,2016-01-26 00:00:00-05:00,713.85,718.28,706.48,713.04,1331691,20160126
342,GOOG,2016-01-27 00:00:00-05:00,713.67,718.235,694.39,699.99,2194227,20160127
343,GOOG,2016-01-28 00:00:00-05:00,722.22,733.69,712.35,730.96,2676397,20160128
344,GOOG,2016-01-29 00:00:00-05:00,731.53,744.99,726.8,742.95,3474319,20160129
345,GOOG,2016-02-01 00:00:00-05:00,750.46,757.86,743.27,752.0,5139157,20160201
346,GOOG,2016-02-02 00:00:00-05:00,784.5,789.87,764.65,764.65,6348126,20160202
347,GOOG,2016-02-03 00:00:00-05:00,770.22,774.5,720.5,726.95,6171019,20160203
348,GOOG,2016-02-04 00:00:00-05:00,722.81,727.0,701.86,708.01,5168709,20160204
349,GOOG,2016-02-05 00:00:00-05:00,703.87,703.99,680.15,683.57,5105725,20160205
350,GOOG,2016-02-08 00:00:00-05:00,667.85,684.03,663.06,682.74,4247355,20160208
351,GOOG,2016-02-09 00:00:00-05:00,672.32,699.9,668.77,678.11,3608914,20160209
352,GOOG,2016-02-10 00:00:00-05:00,686.86,701.31,682.13,684.12,2638007,20160210
353,GOOG,2016-02-11 00:00:00-05:00,675.0,689.35,668.867,683.11,3024043,20160211
354,GOOG,2016-02-12 00:00:00-05:00,690.26,693.75,678.6,682.4,2141373,20160212
355,GOOG,2016-02-16 00:00:00-05:00,692.98,698.0,685.05,691.0,2520021,20160216
356,GOOG,2016-02-17 00:00:00-05:00,699.0,709.75,691.38,708.4,2492634,20160217
357,GOOG,2016-02-18 00:00:00-05:00,710.0,712.35,696.03,697.35,1883248,20160218
358,GOOG,2016-02-19 00:00:00-05:00,695.03,703.081,694.05,700.91,1589281,20160219
359,GOOG,2016-02-22 00:00:00-05:00,707.45,713.24,702.51,706.46,1949816,20160222
360,GOOG,2016-02-23 00:00:00-05:00,701.45,708.4,693.58,695.85,2009280,20160223
361,GOOG,2016-02-24 00:00:00-05:00,688.92,700.0,680.78,699.56,1963573,20160224
362,GOOG,2016-02-25 00:00:00-05:00,700.01,705.98,690.585,705.75,1642166,20160225
363,GOOG,2016-02-26 00:00:00-05:00,708.58,713.43,700.86,705.07,2243522,20160226
364,GOOG,2016-02-29 00:00:00-05:00,700.32,710.89,697.68,697.77,2481145,20160229
365,GOOG,2016-03-01 00:00:00-05:00,703.62,718.81,699.77,718.81,2151419,20160301
366,GOOG,2016-03-02 00:00:00-05:00,719.0,720.0,712.0,718.85,1629003,20160302
367,GOOG,2016-03-03 00:00:00-05:00,718.68,719.45,706.02,712.42,1957974,20160303
368,GOOG,2016-03-04 00:00:00-05:00,714.99,716.49,706.02,710.89,1972077,20160304
369,GOOG,2016-03-07 00:00:00-05:00,706.9,708.091,686.9,695.16,2988026,20160307
370,GOOG,2016-03-08 00:00:00-05:00,688.59,703.79,685.34,693.97,2076331,20160308
371,GOOG,2016-03-09 00:00:00-05:00,698.47,705.68,694.0,705.24,1421515,20160309
372,GOOG,2016-03-10 00:00:00-05:00,708.12,716.44,703.36,712.82,2833525,20160310
373,GOOG,2016-03-11 00:00:00-05:00,720.0,726.92,717.125,726.82,1970815,20160311
374,GOOG,2016-03-14 00:00:00-04:00,726.81,735.5,725.15,730.49,1718252,20160314
375,GOOG,2016-03-15 00:00:00-04:00,726.92,732.29,724.77,728.33,1720965,20160315
376,GOOG,2016-03-16 00:00:00-04:00,726.37,737.47,724.51,736.09,1624370,20160316
377,GOOG,2016-03-17 00:00:00-04:00,736.45,743.07,736.0,737.78,1860834,20160317
378,GOOG,2016-03-18 00:00:00-04:00,741.86,742.0,731.83,737.6,2980709,20160318
379,GOOG,2016-03-21 00:00:00-04:00,736.5,742.5,733.516,742.09,1836503,20160321
380,GOOG,2016-03-22 00:00:00-04:00,737.46,745.0,737.46,740.75,1269749,20160322
381,GOOG,2016-03-23 00:00:00-04:00,742.36,745.72,736.15,738.06,1432099,20160323
382,GOOG,2016-03-24 00:00:00-04:00,732.01,737.747,731.0,735.3,1594891,20160324
383,GOOG,2016-03-28 00:00:00-04:00,736.79,738.99,732.5,733.53,1301327,20160328
384,GOOG,2016-03-29 00:00:00-04:00,734.59,747.25,728.76,744.77,1903758,20160329
385,GOOG,2016-03-30 00:00:00-04:00,750.1,757.88,748.74,750.53,1782427,20160330
386,GOOG,2016-03-31 00:00:00-04:00,749.25,750.85,740.94,744.95,1718798,20160331
387,GOOG,2016-04-01 00:00:00-04:00,738.6,750.34,737.0,749.91,1576745,20160401
388,GOOG,2016-04-04 00:00:00-04:00,750.06,752.8,742.43,745.29,1134390,20160404
389,GOOG,2016-04-05 00:00:00-04:00,738.0,742.8,735.37,737.8,1132294,20160405
390,GOOG,2016-04-06 00:00:00-04:00,735.77,746.24,735.56,745.69,1053713,20160406
391,GOOG,2016-04-07 00:00:00-04:00,745.37,747.0,736.28,740.28,1453185,20160407
392,GOOG,2016-04-08 00:00:00-04:00,743.97,745.45,735.55,739.15,1290787,20160408
393,GOOG,2016-04-11 00:00:00-04:00,743.02,745.0,736.05,736.1,1220088,20160411
394,GOOG,2016-04-12 00:00:00-04:00,738.0,743.83,731.01,743.09,1352992,20160412
395,GOOG,2016-04-13 00:00:00-04:00,749.16,754.38,744.261,751.72,1707641,20160413
396,GOOG,2016-04-14 00:00:00-04:00,754.01,757.31,752.705,753.2,1135271,20160414
397,GOOG,2016-04-15 00:00:00-04:00,753.98,761.0,752.694,759.0,1809332,20160415
398,GOOG,2016-04-18 00:00:00-04:00,760.46,768.05,757.3,766.61,1558848,20160418
399,GOOG,2016-04-19 00:00:00-04:00,769.51,769.9,749.33,753.93,2030526,20160419
400,GOOG,2016-04-20 00:00:00-04:00,758.0,758.131,750.01,752.67,1529217,20160420
401,GOOG,2016-04-21 00:00:00-04:00,755.38,760.45,749.55,759.14,3060490,20160421
402,GOOG,2016-04-22 00:00:00-04:00,726.3,736.12,713.61,718.77,5951938,20160422
403,GOOG,2016-04-25 00:00:00-04:00,716.1,723.93,715.59,723.15,1959179,20160425
404,GOOG,2016-04-26 00:00:00-04:00,725.42,725.766,703.026,708.14,2744587,20160426
405,GOOG,2016-04-27 00:00:00-04:00,707.29,708.98,692.365,705.84,3098587,20160427
406,GOOG,2016-04-28 00:00:00-04:00,708.26,714.17,689.55,691.02,2867255,20160428
407,GOOG,2016-04-29 00:00:00-04:00,690.7,697.62,689.0,693.01,2487673,20160429
408,GOOG,2016-05-02 00:00:00-04:00,697.63,700.64,691.0,698.21,1645265,20160502
409,GOOG,2016-05-03 00:00:00-04:00,696.87,697.84,692.0,692.36,1543785,20160503
410,GOOG,2016-05-04 00:00:00-04:00,690.49,699.75,689.01,695.7,1693525,20160504
411,GOOG,2016-05-05 00:00:00-04:00,697.7,702.32,695.72,701.43,1683507,20160505
412,GOOG,2016-05-06 00:00:00-04:00,698.38,711.86,698.107,711.12,1829291,20160506
413,GOOG,2016-05-09 00:00:00-04:00,712.0,718.71,710.0,712.9,1510289,20160509
414,GOOG,2016-05-10 00:00:00-04:00,716.75,723.5,715.72,723.18,1569591,20160510
415,GOOG,2016-05-11 00:00:00-04:00,723.41,724.48,712.8,715.29,1692063,20160511
416,GOOG,2016-05-12 00:00:00-04:00,717.06,719.25,709.0,713.31,1361332,20160512
417,GOOG,2016-05-13 00:00:00-04:00,711.93,716.662,709.26,710.83,1314499,20160513
418,GOOG,2016-05-16 00:00:00-04:00,709.13,718.48,705.65,716.49,1317069,20160516
419,GOOG,2016-05-17 00:00:00-04:00,715.99,721.52,704.11,706.23,2001225,20160517
420,GOOG,2016-05-18 00:00:00-04:00,703.67,711.6,700.63,706.63,1766836,20160518
421,GOOG,2016-05-19 00:00:00-04:00,702.36,706.0,696.8,700.32,1670234,20160519
422,GOOG,2016-05-20 00:00:00-04:00,701.62,714.58,700.52,709.74,1828387,20160520
423,GOOG,2016-05-23 00:00:00-04:00,706.53,711.478,704.18,704.24,1330692,20160523
424,GOOG,2016-05-24 00:00:00-04:00,706.86,720.97,706.86,720.09,1929467,20160524
425,GOOG,2016-05-25 00:00:00-04:00,720.76,727.51,719.705,725.27,1632564,20160525
426,GOOG,2016-05-26 00:00:00-04:00,722.87,728.33,720.28,724.12,1576286,20160526
427,GOOG,2016-05-27 00:00:00-04:00,724.01,733.936,724.0,732.66,1974962,20160527
428,GOOG,2016-05-31 00:00:00-04:00,731.74,739.73,731.26,735.72,2129545,20160531
429,GOOG,2016-06-01 00:00:00-04:00,734.53,737.21,730.66,734.15,1253593,20160601
430,GOOG,2016-06-02 00:00:00-04:00,732.5,733.02,724.17,730.4,1341807,20160602
431,GOOG,2016-06-03 00:00:00-04:00,729.27,729.49,720.56,722.34,1226253,20160603
432,GOOG,2016-06-06 00:00:00-04:00,724.91,724.91,714.61,716.55,1566059,20160606
433,GOOG,2016-06-07 00:00:00-04:00,719.84,721.98,716.55,716.65,1336754,20160607
434,GOOG,2016-06-08 00:00:00-04:00,723.96,728.57,720.58,728.28,1583701,20160608
435,GOOG,2016-06-09 00:00:00-04:00,722.87,729.54,722.336,728.58,988914,20160609
436,GOOG,2016-06-10 00:00:00-04:00,719.47,725.89,716.43,719.41,1216443,20160610
437,GOOG,2016-06-13 00:00:00-04:00,716.51,725.44,716.51,718.36,1258930,20160613
438,GOOG,2016-06-14 00:00:00-04:00,716.48,722.47,713.12,718.27,1306065,20160614
439,GOOG,2016-06-15 00:00:00-04:00,719.0,722.98,717.31,718.92,1214517,20160615
440,GOOG,2016-06-16 00:00:00-04:00,714.91,716.65,703.26,710.36,1982471,20160616
441,GOOG,2016-06-17 00:00:00-04:00,708.65,708.82,688.451,691.72,3402357,20160617
442,GOOG,2016-06-20 00:00:00-04:00,698.77,702.48,693.41,693.71,2082538,20160620
443,GOOG,2016-06-21 00:00:00-04:00,698.4,702.77,692.01,695.94,1465634,20160621
444,GOOG,2016-06-22 00:00:00-04:00,699.06,700.86,693.082,697.46,1184318,20160622
445,GOOG,2016-06-23 00:00:00-04:00,697.45,701.95,687.0,701.87,2171415,20160623
446,GOOG,2016-06-24 00:00:00-04:00,675.17,689.4,673.45,675.22,4449022,20160624
447,GOOG,2016-06-27 00:00:00-04:00,671.0,672.3,663.284,668.26,2641085,20160627
448,GOOG,2016-06-28 00:00:00-04:00,678.97,680.33,673.0,680.04,2173762,20160628
449,GOOG,2016-06-29 00:00:00-04:00,683.0,687.429,681.41,684.11,1932561,20160629
450,GOOG,2016-06-30 00:00:00-04:00,685.47,692.32,683.65,692.1,1597714,20160630
451,GOOG,2016-07-01 00:00:00-04:00,692.2,700.65,692.13,699.21,1344710,20160701
452,GOOG,2016-07-05 00:00:00-04:00,696.06,696.94,688.88,694.49,1462616,20160705
453,GOOG,2016-07-06 00:00:00-04:00,689.98,701.68,689.09,697.77,1411925,20160706
454,GOOG,2016-07-07 00:00:00-04:00,698.08,698.2,688.215,695.36,1304200,20160707
455,GOOG,2016-07-08 00:00:00-04:00,699.5,705.71,696.435,705.63,1575166,20160708
456,GOOG,2016-07-11 00:00:00-04:00,708.05,716.51,707.24,715.09,1111762,20160711
457,GOOG,2016-07-12 00:00:00-04:00,719.12,722.94,715.91,720.64,1336921,20160712
458,GOOG,2016-07-13 00:00:00-04:00,723.62,724.0,716.85,716.98,935876,20160713
459,GOOG,2016-07-14 00:00:00-04:00,721.58,722.21,718.03,720.95,950193,20160714
460,GOOG,2016-07-15 00:00:00-04:00,725.73,725.74,719.055,719.85,1279339,20160715
461,GOOG,2016-07-18 00:00:00-04:00,722.71,736.13,721.19,733.78,1295476,20160718
462,GOOG,2016-07-19 00:00:00-04:00,729.89,736.99,729.0,736.96,1227486,20160719
463,GOOG,2016-07-20 00:00:00-04:00,737.33,742.13,737.1,741.19,1289671,20160720
464,GOOG,2016-07-21 00:00:00-04:00,740.36,741.69,735.831,738.63,1026306,20160721
465,GOOG,2016-07-22 00:00:00-04:00,741.86,743.24,736.56,742.74,1259823,20160722
466,GOOG,2016-07-25 00:00:00-04:00,740.67,742.61,737.5,739.77,1032432,20160725
467,GOOG,2016-07-26 00:00:00-04:00,739.04,741.69,734.27,738.42,1186738,20160726
468,GOOG,2016-07-27 00:00:00-04:00,738.28,744.46,737.0,741.77,1512517,20160727
469,GOOG,2016-07-28 00:00:00-04:00,747.04,748.65,739.3,745.91,3530169,20160728
470,GOOG,2016-07-29 00:00:00-04:00,772.71,778.55,766.77,768.79,3841482,20160729
471,GOOG,2016-08-01 00:00:00-04:00,761.09,780.43,761.09,772.88,2700470,20160801
472,GOOG,2016-08-02 00:00:00-04:00,768.69,775.84,767.85,771.07,1784525,20160802
473,GOOG,2016-08-03 00:00:00-04:00,767.18,773.21,766.82,773.18,1287421,20160803
474,GOOG,2016-08-04 00:00:00-04:00,772.22,774.07,768.795,771.61,1140254,20160804
475,GOOG,2016-08-05 00:00:00-04:00,773.78,783.04,772.34,782.22,1801205,20160805
476,GOOG,2016-08-08 00:00:00-04:00,782.0,782.63,778.091,781.76,1107857,20160808
477,GOOG,2016-08-09 00:00:00-04:00,781.1,788.94,780.57,784.26,1318894,20160809
478,GOOG,2016-08-10 00:00:00-04:00,783.75,786.812,782.778,784.68,786363,20160810
479,GOOG,2016-08-11 00:00:00-04:00,785.0,789.75,782.97,784.85,975113,20160811
480,GOOG,2016-08-12 00:00:00-04:00,781.5,783.395,780.4,783.22,740498,20160812
481,GOOG,2016-08-15 00:00:00-04:00,783.75,787.49,780.11,782.44,938186,20160815
482,GOOG,2016-08-16 00:00:00-04:00,780.3,780.98,773.444,777.14,1028047,20160816
483,GOOG,2016-08-17 00:00:00-04:00,777.32,780.81,773.53,779.91,924226,20160817
484,GOOG,2016-08-18 00:00:00-04:00,780.01,782.86,777.0,777.5,719429,20160818
485,GOOG,2016-08-19 00:00:00-04:00,775.0,777.1,773.13,775.42,861546,20160819
486,GOOG,2016-08-22 00:00:00-04:00,773.27,774.54,770.05,772.15,951362,20160822
487,GOOG,2016-08-23 00:00:00-04:00,775.48,776.44,771.785,772.08,928232,20160823
488,GOOG,2016-08-24 00:00:00-04:00,770.58,774.5,767.07,769.64,1071999,20160824
489,GOOG,2016-08-25 00:00:00-04:00,767.0,771.89,763.185,769.41,926883,20160825
490,GOOG,2016-08-26 00:00:00-04:00,769.0,776.08,765.85,769.54,1166681,20160826
491,GOOG,2016-08-29 00:00:00-04:00,768.74,774.99,766.615,772.15,847565,20160829
492,GOOG,2016-08-30 00:00:00-04:00,769.33,774.466,766.84,769.09,1130029,20160830
493,GOOG,2016-08-31 00:00:00-04:00,767.01,769.09,765.38,767.05,1248556,20160831
494,GOOG,2016-09-01 00:00:00-04:00,769.25,771.02,764.3,768.78,925131,20160901
495,GOOG,2016-09-02 00:00:00-04:00,773.01,773.92,768.41,771.46,1072658,20160902
496,GOOG,2016-09-06 00:00:00-04:00,773.45,782.0,771.0,780.08,1442822,20160906
497,GOOG,2016-09-07 00:00:00-04:00,780.0,782.73,776.2,780.35,894021,20160907
498,GOOG,2016-09-08 00:00:00-04:00,778.59,780.35,773.58,775.32,1270264,20160908
499,GOOG,2016-09-09 00:00:00-04:00,770.1,773.245,759.66,759.66,1885496,20160909
500,GOOG,2016-09-12 00:00:00-04:00,755.13,770.29,754.0,769.02,1310986,20160912
501,GOOG,2016-09-13 00:00:00-04:00,764.48,766.219,755.8,759.69,1395046,20160913
502,GOOG,2016-09-14 00:00:00-04:00,759.61,767.68,759.11,762.49,1094490,20160914
503,GOOG,2016-09-15 00:00:00-04:00,762.89,773.8,759.96,771.76,1346751,20160915
504,GOOG,2016-09-16 00:00:00-04:00,769.75,769.75,764.66,768.88,2049338,20160916
505,GOOG,2016-09-19 00:00:00-04:00,772.42,774.0,764.441,765.7,1172824,20160919
506,GOOG,2016-09-20 00:00:00-04:00,769.0,773.33,768.53,771.41,978631,20160920
507,GOOG,2016-09-21 00:00:00-04:00,772.66,777.16,768.301,776.22,1167810,20160921
508,GOOG,2016-09-22 00:00:00-04:00,780.0,789.85,778.44,787.21,1486223,20160922
509,GOOG,2016-09-23 00:00:00-04:00,786.59,788.93,784.15,786.9,1411937,20160923
510,GOOG,2016-09-26 00:00:00-04:00,782.74,782.74,773.07,774.21,1533206,20160926
511,GOOG,2016-09-27 00:00:00-04:00,775.5,785.99,774.308,783.01,1153247,20160927
512,GOOG,2016-09-28 00:00:00-04:00,777.85,781.81,774.97,781.56,1109834,20160928
513,GOOG,2016-09-29 00:00:00-04:00,781.44,785.8,774.232,775.01,1314746,20160929
514,GOOG,2016-09-30 00:00:00-04:00,776.33,780.94,774.09,777.29,1585333,20160930
515,GOOG,2016-10-03 00:00:00-04:00,774.25,776.065,769.5,772.56,1278821,20161003
516,GOOG,2016-10-04 00:00:00-04:00,776.03,778.71,772.89,776.43,1201350,20161004
517,GOOG,2016-10-05 00:00:00-04:00,779.31,782.07,775.65,776.47,1461151,20161005
518,GOOG,2016-10-06 00:00:00-04:00,779.0,780.48,775.54,776.86,1070692,20161006
519,GOOG,2016-10-07 00:00:00-04:00,779.66,779.66,770.75,775.08,933158,20161007
520,GOOG,2016-10-10 00:00:00-04:00,777.71,789.38,775.87,785.94,1174923,20161010
521,GOOG,2016-10-11 00:00:00-04:00,786.66,792.28,780.58,783.07,1372461,20161011
522,GOOG,2016-10-12 00:00:00-04:00,783.76,788.13,782.06,786.14,937435,20161012
523,GOOG,2016-10-13 00:00:00-04:00,781.22,781.22,773.0,778.19,1365277,20161013
524,GOOG,2016-10-14 00:00:00-04:00,781.65,783.95,776.0,778.53,852487,20161014
525,GOOG,2016-10-17 00:00:00-04:00,779.8,785.85,777.5,779.96,1092973,20161017
526,GOOG,2016-10-18 00:00:00-04:00,787.85,801.61,785.565,795.26,2056903,20161018
527,GOOG,2016-10-19 00:00:00-04:00,798.86,804.63,797.635,801.56,1766798,20161019
528,GOOG,2016-10-20 00:00:00-04:00,803.3,803.97,796.03,796.97,1757528,20161020
529,GOOG,2016-10-21 00:00:00-04:00,795.0,799.5,794.0,799.37,1266181,20161021
530,GOOG,2016-10-24 00:00:00-04:00,804.9,815.18,804.82,813.11,1697514,20161024
531,GOOG,2016-10-25 00:00:00-04:00,816.68,816.68,805.14,807.67,1576404,20161025
532,GOOG,2016-10-26 00:00:00-04:00,806.34,806.98,796.32,799.07,1647733,20161026
533,GOOG,2016-10-27 00:00:00-04:00,801.0,803.49,791.5,795.35,2749221,20161027
534,GOOG,2016-10-28 00:00:00-04:00,808.35,815.49,793.59,795.37,4269902,20161028
535,GOOG,2016-10-31 00:00:00-04:00,795.47,796.86,784.0,784.54,2427284,20161031
536,GOOG,2016-11-01 00:00:00-04:00,782.89,789.49,775.54,783.61,2406356,20161101
537,GOOG,2016-11-02 00:00:00-04:00,778.2,781.65,763.45,768.7,1918414,20161102
538,GOOG,2016-11-03 00:00:00-04:00,767.25,769.95,759.03,762.13,1943175,20161103
539,GOOG,2016-11-04 00:00:00-04:00,750.66,770.36,750.561,762.02,2134812,20161104
540,GOOG,2016-11-07 00:00:00-05:00,774.5,785.19,772.55,782.52,1585070,20161107
541,GOOG,2016-11-08 00:00:00-05:00,783.4,795.633,780.19,790.51,1366873,20161108
542,GOOG,2016-11-09 00:00:00-05:00,779.94,791.227,771.67,785.31,2607121,20161109
543,GOOG,2016-11-10 00:00:00-05:00,791.17,791.17,752.18,762.56,4745183,20161110
544,GOOG,2016-11-11 00:00:00-05:00,756.54,760.78,750.38,754.02,2431815,20161111
545,GOOG,2016-11-14 00:00:00-05:00,755.6,757.85,727.54,736.08,3654385,20161114
546,GOOG,2016-11-15 00:00:00-05:00,746.97,764.416,746.97,758.49,2384001,20161115
547,GOOG,2016-11-16 00:00:00-05:00,755.2,766.36,750.51,764.48,1472594,20161116
548,GOOG,2016-11-17 00:00:00-05:00,766.92,772.7,764.23,771.23,1304048,20161117
549,GOOG,2016-11-18 00:00:00-05:00,771.37,775.0,760.0,760.54,1547145,20161118
550,GOOG,2016-11-21 00:00:00-05:00,762.61,769.7,760.6,769.2,1330639,20161121
551,GOOG,2016-11-22 00:00:00-05:00,772.63,776.96,767.0,768.27,1593108,20161122
552,GOOG,2016-11-23 00:00:00-05:00,767.73,768.282,755.25,760.99,1478417,20161123
553,GOOG,2016-11-25 00:00:00-05:00,764.26,765.0,760.52,761.68,587421,20161125
554,GOOG,2016-11-28 00:00:00-05:00,760.0,779.53,759.8,768.24,2188151,20161128
555,GOOG,2016-11-29 00:00:00-05:00,771.53,778.5,768.24,770.84,1616618,20161129
556,GOOG,2016-11-30 00:00:00-05:00,770.07,772.99,754.83,758.04,2392890,20161130
557,GOOG,2016-12-01 00:00:00-05:00,757.44,759.85,737.024,747.92,3017947,20161201
558,GOOG,2016-12-02 00:00:00-05:00,744.59,754.0,743.1,750.5,1452484,20161202
559,GOOG,2016-12-05 00:00:00-05:00,757.71,763.9,752.9,762.52,1394223,20161205
560,GOOG,2016-12-06 00:00:00-05:00,764.73,768.83,757.34,759.11,1690689,20161206
561,GOOG,2016-12-07 00:00:00-05:00,761.0,771.36,755.8,771.19,1760966,20161207
562,GOOG,2016-12-08 00:00:00-05:00,772.48,778.18,767.23,776.42,1488059,20161208
563,GOOG,2016-12-09 00:00:00-05:00,780.0,789.43,779.021,789.29,1821914,20161209
564,GOOG,2016-12-12 00:00:00-05:00,785.04,791.25,784.355,789.27,2104117,20161212
565,GOOG,2016-12-13 00:00:00-05:00,793.9,804.38,793.34,796.1,2145209,20161213
566,GOOG,2016-12-14 00:00:00-05:00,797.4,804.0,794.01,797.07,1704150,20161214
567,GOOG,2016-12-15 00:00:00-05:00,797.34,803.0,792.92,797.85,1626499,20161215
568,GOOG,2016-12-16 00:00:00-05:00,800.4,800.856,790.29,790.8,2443796,20161216
569,GOOG,2016-12-19 00:00:00-05:00,790.22,797.66,786.27,794.2,1232087,20161219
570,GOOG,2016-12-20 00:00:00-05:00,796.76,798.65,793.27,796.42,951014,20161220
571,GOOG,2016-12-21 00:00:00-05:00,795.84,796.676,787.1,794.56,1211346,20161221
572,GOOG,2016-12-22 00:00:00-05:00,792.36,793.32,788.58,791.26,972169,20161222
573,GOOG,2016-12-23 00:00:00-05:00,790.9,792.74,787.28,789.91,623944,20161223
574,GOOG,2016-12-27 00:00:00-05:00,790.68,797.86,787.657,791.55,789321,20161227
575,GOOG,2016-12-28 00:00:00-05:00,793.7,794.23,783.2,785.05,1153824,20161228
576,GOOG,2016-12-29 00:00:00-05:00,783.33,785.93,778.92,782.79,744272,20161229
577,GOOG,2016-12-30 00:00:00-05:00,782.75,782.78,770.41,771.82,1769950,20161230
578,GOOG,2017-01-03 00:00:00-05:00,778.81,789.63,775.8,786.14,1657268,20170103
579,GOOG,2017-01-04 00:00:00-05:00,788.36,791.34,783.16,786.9,1072958,20170104
580,GOOG,2017-01-05 00:00:00-05:00,786.08,794.48,785.02,794.02,1335167,20170105
581,GOOG,2017-01-06 00:00:00-05:00,795.26,807.9,792.204,806.15,1640170,20170106
582,GOOG,2017-01-09 00:00:00-05:00,806.4,809.966,802.83,806.65,1274645,20170109
583,GOOG,2017-01-10 00:00:00-05:00,807.86,809.13,803.51,804.79,1176780,20170110
584,GOOG,2017-01-11 00:00:00-05:00,805.0,808.15,801.37,807.91,1065936,20170111
585,GOOG,2017-01-12 00:00:00-05:00,807.14,807.39,799.17,806.36,1353057,20170112
586,GOOG,2017-01-13 00:00:00-05:00,807.48,811.224,806.69,807.88,1099215,20170113
587,GOOG,2017-01-17 00:00:00-05:00,807.08,807.14,800.37,804.61,1362115,20170117
588,GOOG,2017-01-18 00:00:00-05:00,805.81,806.205,800.99,806.07,1294407,20170118
589,GOOG,2017-01-19 00:00:00-05:00,805.12,809.48,801.8,802.175,919325,20170119
590,GOOG,2017-01-20 00:00:00-05:00,806.91,806.91,801.69,805.02,1670045,20170120
591,GOOG,2017-01-23 00:00:00-05:00,807.25,820.87,803.74,819.31,1963628,20170123
592,GOOG,2017-01-24 00:00:00-05:00,822.3,825.9,817.821,823.87,1474010,20170124
593,GOOG,2017-01-25 00:00:00-05:00,829.62,835.77,825.06,835.67,1627304,20170125
594,GOOG,2017-01-26 00:00:00-05:00,837.81,838.0,827.01,832.15,2973891,20170126
595,GOOG,2017-01-27 00:00:00-05:00,834.71,841.95,820.44,823.31,2965771,20170127
596,GOOG,2017-01-30 00:00:00-05:00,814.66,815.84,799.8,802.32,3246573,20170130
597,GOOG,2017-01-31 00:00:00-05:00,796.86,801.25,790.52,796.79,2160556,20170131
598,GOOG,2017-02-01 00:00:00-05:00,799.68,801.19,791.19,795.695,2029744,20170201
599,GOOG,2017-02-02 00:00:00-05:00,793.8,802.7,792.0,798.53,1532138,20170202
600,GOOG,2017-02-03 00:00:00-05:00,802.99,806.0,800.37,801.49,1463448,20170203
601,GOOG,2017-02-06 00:00:00-05:00,799.7,801.67,795.25,801.34,1184483,20170206
602,GOOG,2017-02-07 00:00:00-05:00,803.99,810.5,801.78,806.97,1241221,20170207
603,GOOG,2017-02-08 00:00:00-05:00,807.0,811.84,803.19,808.38,1155990,20170208
604,GOOG,2017-02-09 00:00:00-05:00,809.51,810.66,804.54,809.56,990391,20170209
605,GOOG,2017-02-10 00:00:00-05:00,811.7,815.25,809.78,813.67,1134976,20170210
606,GOOG,2017-02-13 00:00:00-05:00,816.0,820.959,815.49,819.24,1213324,20170213
607,GOOG,2017-02-14 00:00:00-05:00,819.0,823.0,816.0,820.45,1054732,20170214
608,GOOG,2017-02-15 00:00:00-05:00,819.36,823.0,818.47,818.98,1313617,20170215
609,GOOG,2017-02-16 00:00:00-05:00,819.93,824.4,818.98,824.16,1287626,20170216
610,GOOG,2017-02-17 00:00:00-05:00,823.02,828.07,821.655,828.07,1611039,20170217
611,GOOG,2017-02-21 00:00:00-05:00,828.66,833.45,828.35,831.66,1262337,20170221
612,GOOG,2017-02-22 00:00:00-05:00,828.66,833.25,828.64,830.76,987248,20170222
613,GOOG,2017-02-23 00:00:00-05:00,830.12,832.46,822.88,831.33,1472771,20170223
614,GOOG,2017-02-24 00:00:00-05:00,827.73,829.0,824.2,828.64,1392202,20170224
615,GOOG,2017-02-27 00:00:00-05:00,824.55,830.5,824.0,829.28,1101466,20170227
616,GOOG,2017-02-28 00:00:00-05:00,825.61,828.54,820.2,823.21,2260769,20170228
617,GOOG,2017-03-01 00:00:00-05:00,828.85,836.255,827.26,835.24,1496540,20170301
618,GOOG,2017-03-02 00:00:00-05:00,833.85,834.51,829.64,830.63,942476,20170302
619,GOOG,2017-03-03 00:00:00-05:00,830.56,831.36,825.751,829.08,896378,20170303
620,GOOG,2017-03-06 00:00:00-05:00,826.95,828.88,822.4,827.78,1109037,20170306
621,GOOG,2017-03-07 00:00:00-05:00,827.4,833.41,826.52,831.91,1037630,20170307
622,GOOG,2017-03-08 00:00:00-05:00,833.51,838.15,831.79,835.37,989773,20170308
623,GOOG,2017-03-09 00:00:00-05:00,836.0,842.0,834.21,838.68,1261517,20170309
624,GOOG,2017-03-10 00:00:00-05:00,843.28,844.91,839.5,843.25,1704024,20170310
625,GOOG,2017-03-13 00:00:00-04:00,844.0,848.685,843.25,845.54,1223647,20170313
626,GOOG,2017-03-14 00:00:00-04:00,843.64,847.24,840.8,845.62,780198,20170314
627,GOOG,2017-03-15 00:00:00-04:00,847.59,848.63,840.77,847.2,1381474,20170315
628,GOOG,2017-03-16 00:00:00-04:00,849.03,850.85,846.13,848.78,977560,20170316
629,GOOG,2017-03-17 00:00:00-04:00,851.61,853.4,847.11,852.12,1716471,20170317
630,GOOG,2017-03-20 00:00:00-04:00,850.01,850.22,845.15,848.4,1231521,20170320
631,GOOG,2017-03-21 00:00:00-04:00,851.4,853.5,829.02,830.46,2463484,20170321
632,GOOG,2017-03-22 00:00:00-04:00,831.91,835.55,827.18,829.59,1401465,20170322
633,GOOG,2017-03-23 00:00:00-04:00,821.0,822.57,812.257,817.58,3487056,20170323
634,GOOG,2017-03-24 00:00:00-04:00,820.08,821.93,808.89,814.43,1981006,20170324
635,GOOG,2017-03-27 00:00:00-04:00,806.95,821.63,803.37,819.51,1894990,20170327
636,GOOG,2017-03-28 00:00:00-04:00,820.41,825.99,814.027,820.92,1620542,20170328
637,GOOG,2017-03-29 00:00:00-04:00,825.0,832.765,822.38,831.41,1786321,20170329
638,GOOG,2017-03-30 00:00:00-04:00,833.5,833.68,829.0,831.5,1055339,20170330
639,GOOG,2017-03-31 00:00:00-04:00,828.97,831.64,827.39,829.56,1401893,20170331
640,GOOG,2017-04-03 00:00:00-04:00,829.22,840.85,829.22,838.55,1671503,20170403
641,GOOG,2017-04-04 00:00:00-04:00,831.36,835.18,829.036,834.57,1045363,20170404
642,GOOG,2017-04-05 00:00:00-04:00,835.51,842.45,830.72,831.41,1555328,20170405
643,GOOG,2017-04-06 00:00:00-04:00,832.4,836.39,826.46,827.88,1254433,20170406
644,GOOG,2017-04-07 00:00:00-04:00,827.96,828.485,820.513,824.67,1057253,20170407
645,GOOG,2017-04-10 00:00:00-04:00,825.39,829.35,823.77,824.73,978905,20170410
646,GOOG,2017-04-11 00:00:00-04:00,824.71,827.427,817.02,823.35,1079732,20170411
647,GOOG,2017-04-12 00:00:00-04:00,821.93,826.66,821.02,824.32,900480,20170412
648,GOOG,2017-04-13 00:00:00-04:00,822.14,826.38,821.44,823.56,1122362,20170413
649,GOOG,2017-04-17 00:00:00-04:00,825.01,837.75,824.47,837.17,895015,20170417
650,GOOG,2017-04-18 00:00:00-04:00,834.22,838.93,832.71,836.82,836722,20170418
651,GOOG,2017-04-19 00:00:00-04:00,839.79,842.22,836.29,838.21,954330,20170419
652,GOOG,2017-04-20 00:00:00-04:00,841.44,845.2,839.32,841.65,959031,20170420
653,GOOG,2017-04-21 00:00:00-04:00,842.88,843.88,840.6,843.19,1323583,20170421
654,GOOG,2017-04-24 00:00:00-04:00,851.2,863.45,849.86,862.76,1372541,20170424
655,GOOG,2017-04-25 00:00:00-04:00,865.0,875.0,862.81,872.3,1671972,20170425
656,GOOG,2017-04-26 00:00:00-04:00,874.23,876.05,867.748,871.73,1237167,20170426
657,GOOG,2017-04-27 00:00:00-04:00,873.6,875.4,870.38,874.25,2026816,20170427
658,GOOG,2017-04-28 00:00:00-04:00,910.66,916.85,905.77,905.96,3276255,20170428
659,GOOG,2017-05-01 00:00:00-04:00,901.94,915.68,901.45,912.57,2115993,20170501
660,GOOG,2017-05-02 00:00:00-04:00,909.62,920.77,909.453,916.44,1587219,20170502
661,GOOG,2017-05-04 00:00:00-04:00,926.07,935.93,924.59,931.66,1422144,20170504
662,GOOG,2017-05-05 00:00:00-04:00,933.54,934.9,925.2,927.13,1911275,20170505
663,GOOG,2017-05-08 00:00:00-04:00,926.12,936.925,925.26,934.3,1329825,20170508
664,GOOG,2017-05-09 00:00:00-04:00,936.95,937.5,929.53,932.17,1581809,20170509
665,GOOG,2017-05-10 00:00:00-04:00,931.98,932.0,925.16,928.78,1173925,20170510
666,GOOG,2017-05-11 00:00:00-04:00,925.32,932.53,923.0301,930.6,835386,20170511
667,GOOG,2017-05-12 00:00:00-04:00,931.53,933.44,927.85,932.22,1050601,20170512
668,GOOG,2017-05-15 00:00:00-04:00,932.95,938.25,929.34,937.08,1108496,20170515
669,GOOG,2017-05-16 00:00:00-04:00,940.0,943.11,937.58,943.0,969479,20170516
670,GOOG,2017-05-17 00:00:00-04:00,935.67,939.3325,918.14,919.62,2362072,20170517
671,GOOG,2017-05-18 00:00:00-04:00,921.0,933.17,918.75,930.24,1596897,20170518
672,GOOG,2017-05-19 00:00:00-04:00,931.47,937.755,931.0,934.01,1393024,20170519
673,GOOG,2017-05-22 00:00:00-04:00,935.0,941.8828,935.0,941.86,1120385,20170522
674,GOOG,2017-05-23 00:00:00-04:00,947.92,951.4666,942.575,948.82,1270817,20170523
675,GOOG,2017-05-24 00:00:00-04:00,952.98,955.09,949.5,954.96,1034199,20170524
676,GOOG,2017-05-25 00:00:00-04:00,957.33,972.629,955.47,969.54,1660474,20170525
677,GOOG,2017-05-26 00:00:00-04:00,969.7,974.98,965.03,971.47,1252010,20170526
678,GOOG,2017-05-30 00:00:00-04:00,970.31,976.2,969.49,975.88,1466654,20170530
679,GOOG,2017-05-31 00:00:00-04:00,975.02,979.27,960.18,964.86,2448067,20170531
680,GOOG,2017-06-01 00:00:00-04:00,968.95,971.5,960.01,966.95,1410458,20170601
681,GOOG,2017-06-02 00:00:00-04:00,969.46,975.88,966.0,975.6,1750955,20170602
682,GOOG,2017-06-05 00:00:00-04:00,976.55,986.91,975.1,983.68,1252106,20170605
683,GOOG,2017-06-06 00:00:00-04:00,983.16,988.25,975.14,976.57,1814624,20170606
684,GOOG,2017-06-07 00:00:00-04:00,979.65,984.15,975.77,981.08,1453874,20170607
685,GOOG,2017-06-08 00:00:00-04:00,982.35,984.57,977.2,983.41,1481916,20170608
686,GOOG,2017-06-09 00:00:00-04:00,984.5,984.5,935.63,949.83,3309389,20170609
687,GOOG,2017-06-12 00:00:00-04:00,939.56,949.355,915.2328,942.9,3763529,20170612
688,GOOG,2017-06-13 00:00:00-04:00,951.91,959.98,944.09,953.4,2013337,20170613
689,GOOG,2017-06-14 00:00:00-04:00,959.92,961.15,942.25,950.76,1489715,20170614
690,GOOG,2017-06-15 00:00:00-04:00,933.97,943.339,924.44,942.31,2133050,20170615
691,GOOG,2017-06-16 00:00:00-04:00,940.0,942.04,931.595,939.78,3094711,20170616
692,GOOG,2017-06-19 00:00:00-04:00,949.96,959.99,949.05,957.37,1533336,20170619
693,GOOG,2017-06-20 00:00:00-04:00,957.52,961.62,950.01,950.63,1125990,20170620
694,GOOG,2017-06-21 00:00:00-04:00,953.64,960.1,950.76,959.45,1202233,20170621
695,GOOG,2017-06-22 00:00:00-04:00,958.7,960.72,954.55,957.09,941958,20170622
696,GOOG,2017-06-23 00:00:00-04:00,956.83,966.0,954.2,965.59,1527856,20170623
697,GOOG,2017-06-26 00:00:00-04:00,969.9,973.31,950.79,952.27,1598355,20170626
698,GOOG,2017-06-27 00:00:00-04:00,942.46,948.29,926.85,927.33,2579930,20170627
699,GOOG,2017-06-28 00:00:00-04:00,929.0,942.75,916.0,940.49,2721406,20170628
700,GOOG,2017-06-29 00:00:00-04:00,929.92,931.26,910.62,917.79,3299176,20170629
701,GOOG,2017-06-30 00:00:00-04:00,926.05,926.05,908.31,908.73,2090226,20170630
702,GOOG,2017-07-03 00:00:00-04:00,912.18,913.94,894.79,898.7,1710373,20170703
703,GOOG,2017-07-05 00:00:00-04:00,901.76,914.51,898.5,911.71,1813884,20170705
704,GOOG,2017-07-06 00:00:00-04:00,904.12,914.9444,899.7,906.69,1424503,20170706
705,GOOG,2017-07-07 00:00:00-04:00,908.85,921.54,908.85,918.59,1637785,20170707
706,GOOG,2017-07-10 00:00:00-04:00,921.77,930.38,919.59,928.8,1192825,20170710
707,GOOG,2017-07-11 00:00:00-04:00,929.54,931.43,922.0,930.09,1113235,20170711
708,GOOG,2017-07-12 00:00:00-04:00,938.68,946.3,934.47,943.83,1532144,20170712
709,GOOG,2017-07-13 00:00:00-04:00,946.29,954.45,943.01,947.16,1294687,20170713
710,GOOG,2017-07-14 00:00:00-04:00,952.0,956.91,948.005,955.99,1053774,20170714
711,GOOG,2017-07-17 00:00:00-04:00,957.0,960.74,949.2407,953.42,1165537,20170717
712,GOOG,2017-07-18 00:00:00-04:00,953.0,968.04,950.6,965.4,1153964,20170718
713,GOOG,2017-07-19 00:00:00-04:00,967.84,973.04,964.03,970.89,1224540,20170719
714,GOOG,2017-07-20 00:00:00-04:00,975.0,975.9,961.51,968.15,1624463,20170720
715,GOOG,2017-07-21 00:00:00-04:00,962.25,973.23,960.15,972.92,1711000,20170721
716,GOOG,2017-07-24 00:00:00-04:00,972.22,986.2,970.77,980.34,3248347,20170724
717,GOOG,2017-07-25 00:00:00-04:00,953.81,959.7,945.4,950.7,4660979,20170725
718,GOOG,2017-07-26 00:00:00-04:00,954.68,955.0,942.2788,947.8,2088256,20170726
719,GOOG,2017-07-27 00:00:00-04:00,951.78,951.78,920.0,934.09,3212996,20170727
720,GOOG,2017-07-28 00:00:00-04:00,929.4,943.83,927.5,941.53,1846351,20170728
721,GOOG,2017-07-31 00:00:00-04:00,941.89,943.59,926.04,930.5,1970095,20170731
722,GOOG,2017-08-01 00:00:00-04:00,932.38,937.447,929.26,930.83,1277734,20170801
723,GOOG,2017-08-02 00:00:00-04:00,928.61,932.6,916.68,930.39,1824448,20170802
724,GOOG,2017-08-03 00:00:00-04:00,930.34,932.24,922.24,923.65,1202512,20170803
725,GOOG,2017-08-04 00:00:00-04:00,926.75,930.3068,923.03,927.96,1082267,20170804
726,GOOG,2017-08-07 00:00:00-04:00,929.06,931.7,926.5,929.36,1032239,20170807
727,GOOG,2017-08-08 00:00:00-04:00,927.09,935.814,925.6095,926.79,1061579,20170808
728,GOOG,2017-08-09 00:00:00-04:00,920.61,925.98,917.2501,922.9,1192081,20170809
729,GOOG,2017-08-10 00:00:00-04:00,917.55,919.26,906.13,907.24,1823967,20170810
730,GOOG,2017-08-11 00:00:00-04:00,907.97,917.78,905.58,914.39,1206782,20170811
731,GOOG,2017-08-14 00:00:00-04:00,922.53,924.668,918.19,922.67,1064530,20170814
732,GOOG,2017-08-15 00:00:00-04:00,924.23,926.5499,919.82,922.22,883369,20170815
733,GOOG,2017-08-16 00:00:00-04:00,925.29,932.7,923.445,926.96,1006711,20170816
734,GOOG,2017-08-17 00:00:00-04:00,925.78,926.86,910.98,910.98,1277238,20170817
735,GOOG,2017-08-18 00:00:00-04:00,910.31,915.275,907.1543,910.67,1342689,20170818
736,GOOG,2017-08-21 00:00:00-04:00,910.0,913.0,903.4,906.66,943441,20170821
737,GOOG,2017-08-22 00:00:00-04:00,912.72,925.86,911.4751,924.69,1166737,20170822
738,GOOG,2017-08-23 00:00:00-04:00,921.93,929.93,919.36,927.0,1090248,20170823
739,GOOG,2017-08-24 00:00:00-04:00,928.66,930.84,915.5,921.28,1270306,20170824
740,GOOG,2017-08-25 00:00:00-04:00,923.49,925.555,915.5,915.89,1053376,20170825
741,GOOG,2017-08-28 00:00:00-04:00,916.0,919.245,911.87,913.81,1086484,20170828
742,GOOG,2017-08-29 00:00:00-04:00,905.1,923.33,905.0,921.29,1185564,20170829
743,GOOG,2017-08-30 00:00:00-04:00,920.05,930.819,919.65,929.57,1301225,20170830
744,GOOG,2017-08-31 00:00:00-04:00,931.76,941.98,931.76,939.33,1582579,20170831
745,GOOG,2017-09-01 00:00:00-04:00,941.13,942.48,935.15,937.34,947374,20170901
746,GOOG,2017-09-05 00:00:00-04:00,933.08,937.0,921.96,928.45,1348292,20170905
747,GOOG,2017-09-06 00:00:00-04:00,930.15,930.915,919.27,927.81,1527650,20170906
748,GOOG,2017-09-07 00:00:00-04:00,931.73,936.41,923.62,935.95,1212743,20170907
749,GOOG,2017-09-08 00:00:00-04:00,936.49,936.99,924.88,926.5,1011538,20170908
750,GOOG,2017-09-11 00:00:00-04:00,934.25,938.38,926.92,929.08,1266991,20170911
751,GOOG,2017-09-12 00:00:00-04:00,932.59,933.48,923.861,932.07,1134397,20170912
752,GOOG,2017-09-13 00:00:00-04:00,930.66,937.25,929.86,935.09,1102631,20170913
753,GOOG,2017-09-14 00:00:00-04:00,931.25,932.77,924.0,925.11,1397644,20170914
754,GOOG,2017-09-15 00:00:00-04:00,924.66,926.49,916.36,920.29,2505430,20170915
755,GOOG,2017-09-18 00:00:00-04:00,920.01,922.08,910.6,915.0,1306922,20170918
756,GOOG,2017-09-19 00:00:00-04:00,917.42,922.4199,912.55,921.81,936654,20170919
757,GOOG,2017-09-20 00:00:00-04:00,922.98,933.88,922.0,931.58,1669763,20170920
758,GOOG,2017-09-21 00:00:00-04:00,933.0,936.53,923.83,932.45,1290607,20170921
759,GOOG,2017-09-22 00:00:00-04:00,927.75,934.73,926.48,928.53,1052704,20170922
760,GOOG,2017-09-25 00:00:00-04:00,925.45,926.4,909.7,920.97,1856822,20170925
761,GOOG,2017-09-26 00:00:00-04:00,923.72,930.82,921.14,924.86,1666861,20170926
762,GOOG,2017-09-27 00:00:00-04:00,927.74,949.9,927.74,944.49,2239441,20170927
763,GOOG,2017-09-28 00:00:00-04:00,941.36,950.69,940.55,949.5,1020312,20170928
764,GOOG,2017-09-29 00:00:00-04:00,952.0,959.7864,951.51,959.11,1580994,20170929
765,GOOG,2017-10-02 00:00:00-04:00,959.98,962.54,947.84,953.27,1283444,20171002
766,GOOG,2017-10-03 00:00:00-04:00,954.0,958.0,949.14,957.79,888346,20171003
767,GOOG,2017-10-04 00:00:00-04:00,957.0,960.39,950.69,951.68,952391,20171004
768,GOOG,2017-10-05 00:00:00-04:00,955.49,970.91,955.18,969.96,1213816,20171005
769,GOOG,2017-10-06 00:00:00-04:00,966.7,979.46,963.36,978.89,1173882,20171006
770,GOOG,2017-10-09 00:00:00-04:00,980.0,985.425,976.11,977.0,891355,20171009
771,GOOG,2017-10-10 00:00:00-04:00,980.0,981.57,966.0801,972.6,968362,20171010
772,GOOG,2017-10-11 00:00:00-04:00,973.72,990.71,972.25,989.25,1693274,20171011
773,GOOG,2017-10-12 00:00:00-04:00,987.45,994.12,985.0,987.83,1262793,20171012
774,GOOG,2017-10-13 00:00:00-04:00,992.0,997.21,989.0,989.68,1169777,20171013
775,GOOG,2017-10-16 00:00:00-04:00,992.1,993.9065,984.0,992.0,910543,20171016
776,GOOG,2017-10-17 00:00:00-04:00,990.29,996.44,988.59,992.18,1290186,20171017
777,GOOG,2017-10-18 00:00:00-04:00,991.77,996.72,986.9747,992.81,1057581,20171018
778,GOOG,2017-10-19 00:00:00-04:00,986.0,988.88,978.39,984.45,1313575,20171019
779,GOOG,2017-10-20 00:00:00-04:00,989.44,991.0,984.58,988.2,1183186,20171020
780,GOOG,2017-10-23 00:00:00-04:00,989.52,989.52,966.12,968.45,1478448,20171023
781,GOOG,2017-10-24 00:00:00-04:00,970.0,972.23,961.0,970.54,1212153,20171024
782,GOOG,2017-10-25 00:00:00-04:00,968.37,976.09,960.5201,973.33,1211262,20171025
783,GOOG,2017-10-26 00:00:00-04:00,980.0,987.6,972.2,972.56,2042149,20171026
784,GOOG,2017-10-27 00:00:00-04:00,1009.19,1048.39,1008.2,1019.27,5167689,20171027
785,GOOG,2017-10-30 00:00:00-04:00,1014.0,1024.97,1007.5,1017.11,2085062,20171030
786,GOOG,2017-10-31 00:00:00-04:00,1015.22,1024.0,1010.42,1016.64,1331391,20171031
787,GOOG,2017-11-01 00:00:00-04:00,1017.21,1029.67,1016.95,1025.5,1373444,20171101
788,GOOG,2017-11-02 00:00:00-04:00,1021.76,1028.09,1013.01,1025.58,1048970,20171102
789,GOOG,2017-11-03 00:00:00-04:00,1022.11,1032.65,1020.31,1032.48,1076350,20171103
790,GOOG,2017-11-06 00:00:00-05:00,1028.99,1034.87,1025.0,1025.9,1125185,20171106
791,GOOG,2017-11-07 00:00:00-05:00,1027.27,1033.97,1025.13,1033.33,1112331,20171107
792,GOOG,2017-11-08 00:00:00-05:00,1030.52,1043.522,1028.45,1039.85,1088716,20171108
793,GOOG,2017-11-09 00:00:00-05:00,1033.99,1033.99,1019.6656,1031.26,1245246,20171109
794,GOOG,2017-11-10 00:00:00-05:00,1026.46,1030.76,1025.28,1028.07,720676,20171110
795,GOOG,2017-11-13 00:00:00-05:00,1023.42,1031.58,1022.57,1025.75,885779,20171113
796,GOOG,2017-11-14 00:00:00-05:00,1022.59,1026.81,1014.15,1026.0,959222,20171114
797,GOOG,2017-11-15 00:00:00-05:00,1019.21,1024.09,1015.42,1020.91,853992,20171115
798,GOOG,2017-11-16 00:00:00-05:00,1022.52,1035.92,1022.52,1032.5,1129688,20171116
799,GOOG,2017-11-17 00:00:00-05:00,1034.01,1034.42,1017.75,1019.09,1397064,20171117
800,GOOG,2017-11-20 00:00:00-05:00,1020.26,1022.61,1017.5,1018.38,953470,20171120
801,GOOG,2017-11-21 00:00:00-05:00,1023.31,1035.11,1022.655,1034.49,1096999,20171121
802,GOOG,2017-11-22 00:00:00-05:00,1035.0,1039.706,1031.43,1035.96,746878,20171122
803,GOOG,2017-11-24 00:00:00-05:00,1035.87,1043.178,1035.0,1040.61,536996,20171124
804,GOOG,2017-11-27 00:00:00-05:00,1040.0,1055.46,1038.44,1054.21,1307881,20171127
805,GOOG,2017-11-28 00:00:00-05:00,1055.09,1062.375,1040.0,1047.41,1424394,20171128
806,GOOG,2017-11-29 00:00:00-05:00,1042.68,1044.08,1015.65,1021.66,2459426,20171129
807,GOOG,2017-11-30 00:00:00-05:00,1022.37,1028.4899,1015.0,1021.41,1724031,20171130
808,GOOG,2017-12-01 00:00:00-05:00,1015.8,1022.4897,1002.02,1010.17,1909566,20171201
809,GOOG,2017-12-04 00:00:00-05:00,1012.66,1016.1,995.57,998.68,1906439,20171204
810,GOOG,2017-12-05 00:00:00-05:00,995.94,1020.61,988.28,1005.15,2067318,20171205
811,GOOG,2017-12-06 00:00:00-05:00,1001.5,1024.97,1001.14,1018.38,1271964,20171206
812,GOOG,2017-12-07 00:00:00-05:00,1020.43,1034.24,1018.071,1030.93,1458242,20171207
813,GOOG,2017-12-08 00:00:00-05:00,1037.49,1042.05,1032.5222,1037.05,1290774,20171208
814,GOOG,2017-12-11 00:00:00-05:00,1035.5,1043.8,1032.0504,1041.1,1192838,20171211
815,GOOG,2017-12-12 00:00:00-05:00,1039.63,1050.31,1033.6897,1040.48,1279659,20171212
816,GOOG,2017-12-13 00:00:00-05:00,1046.12,1046.665,1038.38,1040.61,1282677,20171213
817,GOOG,2017-12-14 00:00:00-05:00,1045.0,1058.5,1043.11,1049.15,1558835,20171214
818,GOOG,2017-12-15 00:00:00-05:00,1054.61,1067.62,1049.5,1064.19,3275931,20171215
819,GOOG,2017-12-18 00:00:00-05:00,1066.08,1078.49,1062.0,1077.14,1554552,20171218
820,GOOG,2017-12-19 00:00:00-05:00,1075.2,1076.84,1063.55,1070.68,1338725,20171219
821,GOOG,2017-12-20 00:00:00-05:00,1071.78,1073.38,1061.52,1064.95,1268582,20171220
822,GOOG,2017-12-21 00:00:00-05:00,1064.95,1069.33,1061.7938,1063.63,995703,20171221
823,GOOG,2017-12-22 00:00:00-05:00,1061.11,1064.2,1059.44,1060.12,755095,20171222
824,GOOG,2017-12-26 00:00:00-05:00,1058.07,1060.12,1050.2,1056.74,761237,20171226
825,GOOG,2017-12-27 00:00:00-05:00,1057.39,1058.37,1048.05,1049.37,1271911,20171227
826,GOOG,2017-12-28 00:00:00-05:00,1051.6,1054.75,1044.77,1048.14,837121,20171228
827,GOOG,2017-12-29 00:00:00-05:00,1046.72,1049.7,1044.9,1046.4,887511,20171229
828,GOOG,2018-01-02 00:00:00-05:00,1048.34,1066.94,1045.23,1065.0,1237564,20180102
829,GOOG,2018-01-03 00:00:00-05:00,1064.31,1086.29,1063.21,1082.48,1430170,20180103
830,GOOG,2018-01-04 00:00:00-05:00,1088.0,1093.57,1084.0017,1086.4,1004605,20180104
831,GOOG,2018-01-05 00:00:00-05:00,1094.0,1104.25,1092.0,1102.23,1279123,20180105
832,GOOG,2018-01-08 00:00:00-05:00,1102.23,1111.27,1101.62,1106.94,1047603,20180108
833,GOOG,2018-01-09 00:00:00-05:00,1109.4,1110.57,1101.2307,1106.26,902541,20180109
834,GOOG,2018-01-10 00:00:00-05:00,1097.1,1104.6,1096.11,1102.61,1042793,20180110
835,GOOG,2018-01-11 00:00:00-05:00,1106.3,1106.525,1099.59,1105.52,978292,20180111
836,GOOG,2018-01-12 00:00:00-05:00,1102.41,1124.29,1101.15,1122.26,1720533,20180112
837,GOOG,2018-01-16 00:00:00-05:00,1132.51,1139.91,1117.8315,1121.76,1575261,20180116
838,GOOG,2018-01-17 00:00:00-05:00,1126.22,1132.6,1117.01,1131.98,1202639,20180117
839,GOOG,2018-01-18 00:00:00-05:00,1131.41,1132.51,1117.5,1129.79,1198234,20180118
840,GOOG,2018-01-19 00:00:00-05:00,1131.83,1137.86,1128.3,1137.51,1778229,20180119
841,GOOG,2018-01-22 00:00:00-05:00,1137.49,1159.88,1135.1101,1155.81,1617975,20180122
842,GOOG,2018-01-23 00:00:00-05:00,1159.85,1171.6266,1158.75,1169.97,1333056,20180123
843,GOOG,2018-01-24 00:00:00-05:00,1177.33,1179.86,1161.05,1164.24,1416625,20180124
844,GOOG,2018-01-25 00:00:00-05:00,1172.53,1175.94,1162.76,1170.37,1480540,20180125
845,GOOG,2018-01-26 00:00:00-05:00,1175.08,1175.84,1158.11,1175.84,2018755,20180126
846,GOOG,2018-01-29 00:00:00-05:00,1176.48,1186.89,1171.98,1175.58,1378913,20180129
847,GOOG,2018-01-30 00:00:00-05:00,1167.83,1176.52,1163.52,1163.69,1556346,20180130
848,GOOG,2018-01-31 00:00:00-05:00,1170.57,1173.0,1159.13,1169.94,1538688,20180131
849,GOOG,2018-02-01 00:00:00-05:00,1162.61,1174.0,1157.52,1167.7,2412114,20180201
850,GOOG,2018-02-02 00:00:00-05:00,1122.0,1123.07,1107.278,1111.9,4857943,20180202
851,GOOG,2018-02-05 00:00:00-05:00,1090.6,1110.0,1052.03,1055.8,3798301,20180205
852,GOOG,2018-02-06 00:00:00-05:00,1027.18,1081.71,1023.1367,1080.6,3447956,20180206
853,GOOG,2018-02-07 00:00:00-05:00,1081.54,1081.78,1048.26,1048.58,2369232,20180207
854,GOOG,2018-02-08 00:00:00-05:00,1055.41,1058.62,1000.66,1001.52,2859136,20180208
855,GOOG,2018-02-09 00:00:00-05:00,1017.25,1043.97,992.56,1037.78,3505862,20180209
856,GOOG,2018-02-12 00:00:00-05:00,1048.0,1061.5,1040.928,1051.94,2057718,20180212
857,GOOG,2018-02-13 00:00:00-05:00,1045.0,1058.37,1044.0872,1052.1,1265054,20180213
858,GOOG,2018-02-14 00:00:00-05:00,1048.95,1071.72,1046.75,1069.7,1555787,20180214
859,GOOG,2018-02-15 00:00:00-05:00,1079.07,1091.4794,1064.34,1089.52,1843442,20180215
860,GOOG,2018-02-16 00:00:00-05:00,1088.41,1104.67,1088.3134,1094.8,1681612,20180216
861,GOOG,2018-02-20 00:00:00-05:00,1090.57,1113.95,1088.52,1102.46,1423145,20180220
862,GOOG,2018-02-21 00:00:00-05:00,1106.47,1133.97,1106.33,1111.34,1512910,20180221
863,GOOG,2018-02-22 00:00:00-05:00,1116.19,1122.82,1102.59,1106.63,1317166,20180222
864,GOOG,2018-02-23 00:00:00-05:00,1112.64,1127.28,1104.7135,1126.79,1260968,20180223
865,GOOG,2018-02-26 00:00:00-05:00,1127.8,1143.96,1126.695,1143.75,1559079,20180226
866,GOOG,2018-02-27 00:00:00-05:00,1141.24,1144.04,1118.0,1118.29,1774080,20180227
867,GOOG,2018-02-28 00:00:00-05:00,1123.03,1127.53,1103.24,1104.73,1882600,20180228
868,GOOG,2018-03-01 00:00:00-05:00,1107.87,1110.12,1067.001,1069.52,2515910,20180301
869,GOOG,2018-03-02 00:00:00-05:00,1053.08,1081.9987,1048.115,1078.92,2271551,20180302
870,GOOG,2018-03-05 00:00:00-05:00,1075.14,1097.1,1069.0001,1090.93,1202174,20180305
871,GOOG,2018-03-06 00:00:00-05:00,1099.22,1101.85,1089.775,1095.06,1532783,20180306
872,GOOG,2018-03-07 00:00:00-05:00,1089.19,1112.22,1085.4823,1109.64,1292537,20180307
873,GOOG,2018-03-08 00:00:00-05:00,1115.32,1127.6,1112.8,1126.0,1355125,20180308
874,GOOG,2018-03-09 00:00:00-05:00,1136.0,1160.8,1132.4606,1160.04,2128038,20180309
875,GOOG,2018-03-12 00:00:00-04:00,1163.85,1177.05,1157.42,1164.5,2172272,20180312
876,GOOG,2018-03-13 00:00:00-04:00,1170.0,1176.76,1133.33,1138.17,1907171,20180313
877,GOOG,2018-03-14 00:00:00-04:00,1145.21,1158.59,1141.44,1149.49,1291415,20180314
878,GOOG,2018-03-15 00:00:00-04:00,1149.96,1161.08,1134.54,1149.58,1472226,20180315
879,GOOG,2018-03-16 00:00:00-04:00,1154.14,1155.88,1131.96,1135.73,3091954,20180316
880,GOOG,2018-03-19 00:00:00-04:00,1120.01,1121.99,1089.01,1099.82,2805937,20180319
881,GOOG,2018-03-20 00:00:00-04:00,1099.0,1105.2,1083.46,1097.71,1831896,20180320
882,GOOG,2018-03-21 00:00:00-04:00,1092.74,1106.2999,1085.15,1090.88,1878873,20180321
883,GOOG,2018-03-22 00:00:00-04:00,1081.88,1082.9,1045.91,1049.08,2666964,20180322
884,GOOG,2018-03-23 00:00:00-04:00,1047.03,1063.36,1021.22,1021.57,2156672,20180323
885,GOOG,2018-03-26 00:00:00-04:00,1046.0,1055.63,1008.4,1053.21,2665131,20180326
886,GOOG,2018-03-27 00:00:00-04:00,1063.0,1064.8394,996.92,1005.1,3095315,20180327
887,GOOG,2018-03-28 00:00:00-04:00,998.0,1024.23,980.64,1004.56,3369275,20180328
888,GOOG,2018-03-29 00:00:00-04:00,1011.63,1043.0,1002.9,1031.79,2726830,20180329
889,GOOG,2018-04-02 00:00:00-04:00,1022.82,1034.8,990.37,1006.47,2680400,20180402
890,GOOG,2018-04-03 00:00:00-04:00,1013.91,1020.99,994.07,1013.41,2275076,20180403
891,GOOG,2018-04-04 00:00:00-04:00,993.41,1028.7175,993.0,1025.14,2484651,20180404
892,GOOG,2018-04-05 00:00:00-04:00,1041.33,1042.79,1020.1311,1027.81,1363049,20180405
893,GOOG,2018-04-06 00:00:00-04:00,1020.0,1031.42,1003.03,1007.04,1746430,20180406
894,GOOG,2018-04-09 00:00:00-04:00,1016.8,1039.6,1014.08,1015.45,1751559,20180409
895,GOOG,2018-04-10 00:00:00-04:00,1026.44,1036.28,1011.34,1031.64,2029648,20180410
896,GOOG,2018-04-11 00:00:00-04:00,1027.99,1031.3641,1015.87,1019.97,1483881,20180411
897,GOOG,2018-04-12 00:00:00-04:00,1025.04,1040.69,1021.4347,1032.51,1359389,20180412
898,GOOG,2018-04-13 00:00:00-04:00,1040.88,1046.42,1022.98,1029.27,1223017,20180413
899,GOOG,2018-04-16 00:00:00-04:00,1037.0,1043.24,1026.74,1037.98,1211208,20180416
900,GOOG,2018-04-17 00:00:00-04:00,1051.37,1077.88,1048.26,1074.16,2320266,20180417
901,GOOG,2018-04-18 00:00:00-04:00,1077.43,1077.43,1066.225,1072.08,1344138,20180418
902,GOOG,2018-04-19 00:00:00-04:00,1069.4,1094.165,1068.18,1087.7,1747671,20180419
903,GOOG,2018-04-20 00:00:00-04:00,1082.0,1092.35,1069.57,1072.96,1889686,20180420
904,GOOG,2018-04-23 00:00:00-04:00,1077.86,1082.72,1060.7,1067.45,2341258,20180423
905,GOOG,2018-04-24 00:00:00-04:00,1052.0,1057.0,1010.59,1019.98,4760260,20180424
906,GOOG,2018-04-25 00:00:00-04:00,1025.52,1032.49,1015.31,1021.18,2391105,20180425
907,GOOG,2018-04-26 00:00:00-04:00,1029.51,1047.98,1018.19,1040.04,2079533,20180426
908,GOOG,2018-04-27 00:00:00-04:00,1046.0,1049.5,1025.59,1030.05,1619796,20180427
909,GOOG,2018-04-30 00:00:00-04:00,1030.01,1037.0,1016.85,1017.33,1671254,20180430
910,GOOG,2018-05-01 00:00:00-04:00,1013.66,1038.47,1008.21,1037.31,1427857,20180501
911,GOOG,2018-05-02 00:00:00-04:00,1028.1,1040.389,1022.87,1024.38,1603081,20180502
912,GOOG,2018-05-03 00:00:00-04:00,1019.0,1029.675,1006.29,1023.72,1815058,20180503
913,GOOG,2018-05-04 00:00:00-04:00,1016.9,1048.51,1016.9,1048.21,1938658,20180504
914,GOOG,2018-05-07 00:00:00-04:00,1049.23,1061.68,1047.1,1054.79,1466065,20180507
915,GOOG,2018-05-08 00:00:00-04:00,1058.54,1060.55,1047.145,1053.91,1217721,20180508
916,GOOG,2018-05-09 00:00:00-04:00,1058.1,1085.44,1056.365,1082.76,2032818,20180509
917,GOOG,2018-05-10 00:00:00-04:00,1086.03,1100.44,1085.64,1097.57,1443025,20180510
918,GOOG,2018-05-11 00:00:00-04:00,1093.6,1101.3295,1090.91,1098.26,1253665,20180511
919,GOOG,2018-05-14 00:00:00-04:00,1100.0,1110.75,1099.11,1100.2,1518077,20180514
920,GOOG,2018-05-15 00:00:00-04:00,1090.0,1090.05,1073.47,1079.23,1494872,20180515
921,GOOG,2018-05-16 00:00:00-04:00,1077.31,1089.27,1076.26,1081.77,1097317,20180516
922,GOOG,2018-05-17 00:00:00-04:00,1079.89,1086.87,1073.5,1078.59,1043766,20180517
923,GOOG,2018-05-18 00:00:00-04:00,1061.86,1069.94,1060.68,1066.36,1565240,20180518
924,GOOG,2018-05-21 00:00:00-04:00,1074.06,1088.0,1073.65,1079.58,1023211,20180521
925,GOOG,2018-05-22 00:00:00-04:00,1083.56,1086.59,1066.69,1069.73,1090002,20180522
926,GOOG,2018-05-23 00:00:00-04:00,1065.13,1080.78,1061.71,1079.69,1060683,20180523
927,GOOG,2018-05-24 00:00:00-04:00,1079.0,1080.47,1066.15,1079.24,766773,20180524
928,GOOG,2018-05-25 00:00:00-04:00,1079.02,1082.56,1073.775,1075.66,899406,20180525
929,GOOG,2018-05-29 00:00:00-04:00,1064.89,1073.37,1055.22,1060.32,1865139,20180529
930,GOOG,2018-05-30 00:00:00-04:00,1063.03,1069.21,1056.83,1067.8,1138457,20180530
931,GOOG,2018-05-31 00:00:00-04:00,1067.56,1097.19,1067.56,1084.99,3088305,20180531
932,GOOG,2018-06-01 00:00:00-04:00,1099.35,1120.0,1098.5,1119.5,2421598,20180601
933,GOOG,2018-06-04 00:00:00-04:00,1122.33,1141.89,1122.005,1139.29,1889579,20180604
934,GOOG,2018-06-05 00:00:00-04:00,1140.99,1145.738,1133.19,1139.66,1677973,20180605
935,GOOG,2018-06-06 00:00:00-04:00,1142.17,1143.0,1125.7429,1136.88,1698247,20180606
936,GOOG,2018-06-07 00:00:00-04:00,1131.32,1135.82,1116.52,1123.86,1520020,20180607
937,GOOG,2018-06-08 00:00:00-04:00,1118.18,1126.67,1112.15,1120.87,1290845,20180608
938,GOOG,2018-06-11 00:00:00-04:00,1118.6,1137.26,1118.6,1129.99,1079294,20180611
939,GOOG,2018-06-12 00:00:00-04:00,1131.07,1139.79,1130.735,1139.32,912018,20180612
940,GOOG,2018-06-13 00:00:00-04:00,1141.12,1146.5,1133.38,1134.79,1506407,20180613
941,GOOG,2018-06-14 00:00:00-04:00,1143.85,1155.47,1140.64,1152.12,1350868,20180614
942,GOOG,2018-06-15 00:00:00-04:00,1148.86,1153.42,1143.485,1152.26,2122476,20180615
943,GOOG,2018-06-18 00:00:00-04:00,1143.65,1174.31,1143.59,1173.46,1413692,20180618
944,GOOG,2018-06-19 00:00:00-04:00,1158.5,1171.27,1154.01,1168.06,1621018,20180619
945,GOOG,2018-06-20 00:00:00-04:00,1175.31,1186.2856,1169.16,1169.84,1648536,20180620
946,GOOG,2018-06-21 00:00:00-04:00,1174.85,1177.295,1152.232,1157.66,1238118,20180621
947,GOOG,2018-06-22 00:00:00-04:00,1159.14,1162.4965,1147.26,1155.48,1310967,20180622
948,GOOG,2018-06-25 00:00:00-04:00,1143.6,1143.91,1112.78,1124.81,2157310,20180625
949,GOOG,2018-06-26 00:00:00-04:00,1128.0,1133.21,1116.6589,1118.46,1563225,20180626
950,GOOG,2018-06-27 00:00:00-04:00,1121.34,1131.8362,1103.62,1103.98,1293892,20180627
951,GOOG,2018-06-28 00:00:00-04:00,1102.09,1122.31,1096.01,1114.22,1072438,20180628
952,GOOG,2018-06-29 00:00:00-04:00,1120.0,1128.2264,1115.0,1115.65,1315121,20180629
953,GOOG,2018-07-02 00:00:00-04:00,1099.0,1128.0,1093.8,1127.46,1217311,20180702
954,GOOG,2018-07-03 00:00:00-04:00,1135.82,1135.82,1100.02,1102.89,679034,20180703
955,GOOG,2018-07-05 00:00:00-04:00,1110.53,1127.5,1108.48,1124.27,1066685,20180705
956,GOOG,2018-07-06 00:00:00-04:00,1123.58,1140.93,1120.737,1140.17,996079,20180706
957,GOOG,2018-07-09 00:00:00-04:00,1148.48,1154.67,1143.42,1154.05,908969,20180709
958,GOOG,2018-07-10 00:00:00-04:00,1156.98,1159.59,1149.59,1152.84,798412,20180710
959,GOOG,2018-07-11 00:00:00-04:00,1144.59,1164.29,1141.0002,1153.9,1119993,20180711
960,GOOG,2018-07-12 00:00:00-04:00,1159.89,1184.41,1155.935,1183.48,1251884,20180712
961,GOOG,2018-07-13 00:00:00-04:00,1185.0,1195.4174,1180.0,1188.82,1222072,20180713
962,GOOG,2018-07-16 00:00:00-04:00,1189.39,1191.0,1179.28,1183.86,1055662,20180716
963,GOOG,2018-07-17 00:00:00-04:00,1172.22,1203.04,1170.6,1198.8,1610353,20180717
964,GOOG,2018-07-18 00:00:00-04:00,1196.56,1204.5,1190.34,1195.88,1393606,20180718
965,GOOG,2018-07-19 00:00:00-04:00,1191.0,1200.0,1183.32,1186.96,1276667,20180719
966,GOOG,2018-07-20 00:00:00-04:00,1186.96,1196.86,1184.22,1184.91,1248400,20180720
967,GOOG,2018-07-23 00:00:00-04:00,1181.01,1206.49,1181.0,1205.5,2619234,20180723
968,GOOG,2018-07-24 00:00:00-04:00,1262.59,1266.0,1235.56,1248.08,3318204,20180724
969,GOOG,2018-07-25 00:00:00-04:00,1239.13,1265.86,1239.13,1263.7,2139999,20180725
970,GOOG,2018-07-26 00:00:00-04:00,1251.0,1269.7708,1249.02,1268.33,2405638,20180726
971,GOOG,2018-07-27 00:00:00-04:00,1271.0,1273.89,1231.0,1238.5,2130558,20180727
972,GOOG,2018-07-30 00:00:00-04:00,1228.01,1234.916,1211.47,1219.74,1849904,20180730
973,GOOG,2018-07-31 00:00:00-04:00,1220.01,1227.5876,1205.6,1217.26,1644722,20180731
974,GOOG,2018-08-01 00:00:00-04:00,1228.0,1233.47,1210.21,1220.01,1567264,20180801
975,GOOG,2018-08-02 00:00:00-04:00,1205.9,1229.88,1204.79,1226.15,1531299,20180802
976,GOOG,2018-08-03 00:00:00-04:00,1229.62,1230.0,1215.06,1223.71,1089896,20180803
977,GOOG,2018-08-06 00:00:00-04:00,1225.0,1226.0876,1215.7965,1224.77,1081723,20180806
978,GOOG,2018-08-07 00:00:00-04:00,1237.0,1251.17,1236.17,1242.22,1493980,20180807
979,GOOG,2018-08-08 00:00:00-04:00,1240.47,1256.5,1238.0083,1245.61,1370913,20180808
980,GOOG,2018-08-09 00:00:00-04:00,1249.9,1255.542,1246.01,1249.1,848601,20180809
981,GOOG,2018-08-10 00:00:00-04:00,1243.0,1245.695,1232.0,1237.61,1108919,20180810
982,GOOG,2018-08-13 00:00:00-04:00,1236.98,1249.2728,1233.6405,1235.01,997346,20180813
983,GOOG,2018-08-14 00:00:00-04:00,1235.19,1245.8695,1225.11,1242.1,1348194,20180814
984,GOOG,2018-08-15 00:00:00-04:00,1229.26,1235.24,1209.51,1214.38,1828814,20180815
985,GOOG,2018-08-16 00:00:00-04:00,1224.73,1225.9999,1202.55,1206.49,1343161,20180816
986,GOOG,2018-08-17 00:00:00-04:00,1202.03,1209.02,1188.24,1200.96,1389645,20180817
987,GOOG,2018-08-20 00:00:00-04:00,1205.02,1211.0,1194.6263,1207.77,870772,20180820
988,GOOG,2018-08-21 00:00:00-04:00,1208.0,1217.26,1200.3538,1201.62,1205580,20180821
989,GOOG,2018-08-22 00:00:00-04:00,1200.0,1211.84,1199.0,1207.33,887389,20180822
990,GOOG,2018-08-23 00:00:00-04:00,1207.14,1221.28,1204.24,1205.38,992604,20180823
991,GOOG,2018-08-24 00:00:00-04:00,1208.82,1221.65,1206.3588,1220.65,946840,20180824
992,GOOG,2018-08-27 00:00:00-04:00,1227.6,1243.09,1225.716,1241.82,1156255,20180827
993,GOOG,2018-08-28 00:00:00-04:00,1241.29,1242.545,1228.69,1231.15,1304007,20180828
994,GOOG,2018-08-29 00:00:00-04:00,1237.45,1250.66,1236.3588,1249.3,1309312,20180829
995,GOOG,2018-08-30 00:00:00-04:00,1244.23,1253.635,1232.59,1239.12,1331439,20180830
996,GOOG,2018-08-31 00:00:00-04:00,1234.98,1238.66,1211.2854,1218.19,1816426,20180831
997,GOOG,2018-09-04 00:00:00-04:00,1204.27,1212.99,1192.5,1197.0,1831045,20180904
998,GOOG,2018-09-05 00:00:00-04:00,1193.8,1199.0096,1162.0,1186.48,2061309,20180905
999,GOOG,2018-09-06 00:00:00-04:00,1186.3,1186.3,1152.0,1171.44,1888467,20180906
1000,GOOG,2018-09-07 00:00:00-04:00,1158.67,1175.26,1157.215,1164.83,1401404,20180907
1001,GOOG,2018-09-10 00:00:00-04:00,1172.19,1174.54,1160.11,1164.64,1115796,20180910
1002,GOOG,2018-09-11 00:00:00-04:00,1161.63,1178.68,1156.24,1177.36,1209565,20180911
1003,GOOG,2018-09-12 00:00:00-04:00,1172.72,1178.61,1158.36,1162.82,1295472,20180912
1004,GOOG,2018-09-13 00:00:00-04:00,1170.74,1178.61,1162.85,1175.33,1431214,20180913
1005,GOOG,2018-09-14 00:00:00-04:00,1179.1,1180.425,1168.3295,1172.53,943978,20180914
1006,GOOG,2018-09-17 00:00:00-04:00,1170.14,1177.24,1154.03,1156.05,1306522,20180917
1007,GOOG,2018-09-18 00:00:00-04:00,1157.09,1176.08,1157.09,1161.22,1203686,20180918
1008,GOOG,2018-09-19 00:00:00-04:00,1164.98,1173.21,1154.58,1171.09,1191386,20180919
1009,GOOG,2018-09-20 00:00:00-04:00,1179.99,1189.89,1173.36,1186.87,1225387,20180920
1010,GOOG,2018-09-21 00:00:00-04:00,1192.0,1192.21,1166.04,1166.09,4405584,20180921
1011,GOOG,2018-09-24 00:00:00-04:00,1157.17,1178.0,1146.91,1173.37,1271017,20180924
1012,GOOG,2018-09-25 00:00:00-04:00,1176.15,1186.88,1168.0,1184.65,977731,20180925
1013,GOOG,2018-09-26 00:00:00-04:00,1185.15,1194.23,1174.765,1180.49,1462253,20180926
1014,GOOG,2018-09-27 00:00:00-04:00,1186.73,1202.1,1183.63,1194.64,1260754,20180927
1015,GOOG,2018-09-28 00:00:00-04:00,1191.87,1195.41,1184.5,1193.47,1380629,20180928
1016,GOOG,2018-10-01 00:00:00-04:00,1199.89,1209.9,1190.3,1195.31,1357604,20181001
1017,GOOG,2018-10-02 00:00:00-04:00,1190.96,1209.96,1186.63,1200.11,1687914,20181002
1018,GOOG,2018-10-03 00:00:00-04:00,1205.0,1206.41,1193.83,1202.95,1256214,20181003
1019,GOOG,2018-10-04 00:00:00-04:00,1195.33,1197.51,1155.576,1168.19,2209490,20181004
1020,GOOG,2018-10-05 00:00:00-04:00,1167.5,1173.4999,1145.12,1157.35,1184452,20181005
1021,GOOG,2018-10-08 00:00:00-04:00,1150.11,1168.0,1127.3636,1148.97,1932355,20181008
1022,GOOG,2018-10-09 00:00:00-04:00,1146.15,1154.35,1137.572,1138.82,1308764,20181009
1023,GOOG,2018-10-10 00:00:00-04:00,1131.08,1132.17,1081.13,1081.22,2675742,20181010
1024,GOOG,2018-10-11 00:00:00-04:00,1072.94,1106.4,1068.27,1079.32,2950120,20181011
1025,GOOG,2018-10-12 00:00:00-04:00,1108.0,1115.0,1086.402,1110.08,2101303,20181012
1026,GOOG,2018-10-15 00:00:00-04:00,1108.91,1113.4464,1089.0,1092.25,1372393,20181015
1027,GOOG,2018-10-16 00:00:00-04:00,1104.59,1124.22,1102.5,1121.28,1928540,20181016
1028,GOOG,2018-10-17 00:00:00-04:00,1126.46,1128.99,1102.19,1115.69,1467226,20181017
1029,GOOG,2018-10-18 00:00:00-04:00,1121.84,1121.84,1077.09,1087.97,2094524,20181018
1030,GOOG,2018-10-19 00:00:00-04:00,1093.37,1110.36,1087.75,1096.46,1267649,20181019
1031,GOOG,2018-10-22 00:00:00-04:00,1103.06,1112.23,1091.0,1101.16,1514220,20181022
1032,GOOG,2018-10-23 00:00:00-04:00,1080.89,1107.89,1070.0,1103.69,1848654,20181023
1033,GOOG,2018-10-24 00:00:00-04:00,1104.25,1106.12,1048.74,1050.71,1982430,20181024
1034,GOOG,2018-10-25 00:00:00-04:00,1071.79,1110.98,1069.55,1095.57,2545839,20181025
1035,GOOG,2018-10-26 00:00:00-04:00,1037.03,1106.53,1034.09,1071.47,4187586,20181026
1036,GOOG,2018-10-29 00:00:00-04:00,1082.47,1097.04,995.83,1020.08,3880723,20181029
1037,GOOG,2018-10-30 00:00:00-04:00,1008.46,1037.49,1000.75,1036.21,3212657,20181030
1038,GOOG,2018-10-31 00:00:00-04:00,1059.81,1091.94,1057.0,1076.77,2529768,20181031
1039,GOOG,2018-11-01 00:00:00-04:00,1075.8,1083.975,1062.46,1070.0,1481979,20181101
1040,GOOG,2018-11-02 00:00:00-04:00,1073.73,1082.975,1054.61,1057.79,1839043,20181102
1041,GOOG,2018-11-05 00:00:00-05:00,1055.0,1058.47,1021.24,1040.09,2441430,20181105
1042,GOOG,2018-11-06 00:00:00-05:00,1039.48,1064.345,1038.07,1055.81,1233306,20181106
1043,GOOG,2018-11-07 00:00:00-05:00,1069.0,1095.46,1065.9,1093.39,2058356,20181107
1044,GOOG,2018-11-08 00:00:00-05:00,1091.38,1093.27,1072.2048,1082.4,1488182,20181108
1045,GOOG,2018-11-09 00:00:00-05:00,1073.99,1075.56,1053.11,1066.15,1343313,20181109
1046,GOOG,2018-11-12 00:00:00-05:00,1061.39,1062.12,1031.0,1038.63,1471758,20181112
1047,GOOG,2018-11-13 00:00:00-05:00,1043.29,1056.605,1031.15,1036.05,1513702,20181113
1048,GOOG,2018-11-14 00:00:00-05:00,1050.0,1054.5643,1031.0,1043.66,1565945,20181114
1049,GOOG,2018-11-15 00:00:00-05:00,1044.71,1071.85,1031.78,1064.71,1836084,20181115
1050,GOOG,2018-11-16 00:00:00-05:00,1059.41,1067.0,1048.98,1061.49,1658116,20181116
1051,GOOG,2018-11-19 00:00:00-05:00,1057.2,1060.79,1016.2601,1020.0,1858614,20181119
1052,GOOG,2018-11-20 00:00:00-05:00,1000.0,1031.74,996.02,1025.76,2449130,20181120
1053,GOOG,2018-11-21 00:00:00-05:00,1036.76,1048.56,1033.47,1037.61,1534274,20181121
1054,GOOG,2018-11-23 00:00:00-05:00,1030.0,1037.59,1022.3992,1023.88,691462,20181123
1055,GOOG,2018-11-26 00:00:00-05:00,1038.35,1049.31,1033.91,1048.62,1942822,20181126
1056,GOOG,2018-11-27 00:00:00-05:00,1041.0,1057.58,1038.49,1044.41,1803164,20181127
1057,GOOG,2018-11-28 00:00:00-05:00,1048.76,1086.84,1035.76,1086.23,2475419,20181128
1058,GOOG,2018-11-29 00:00:00-05:00,1076.08,1094.245,1076.0,1088.3,1468859,20181129
1059,GOOG,2018-11-30 00:00:00-05:00,1089.07,1095.57,1077.88,1094.43,2580612,20181130
1060,GOOG,2018-12-03 00:00:00-05:00,1123.14,1124.65,1103.6646,1106.43,1990758,20181203
1061,GOOG,2018-12-04 00:00:00-05:00,1103.12,1104.42,1049.98,1050.82,2314283,20181204
1062,GOOG,2018-12-06 00:00:00-05:00,1034.26,1071.2,1030.7701,1068.73,2769225,20181206
1063,GOOG,2018-12-07 00:00:00-05:00,1060.01,1075.26,1028.5,1036.58,2101206,20181207
1064,GOOG,2018-12-10 00:00:00-05:00,1035.05,1048.45,1023.29,1039.55,1807725,20181210
1065,GOOG,2018-12-11 00:00:00-05:00,1056.49,1060.6,1039.84,1051.75,1394731,20181211
1066,GOOG,2018-12-12 00:00:00-05:00,1068.0,1081.65,1062.79,1063.68,1523804,20181212
1067,GOOG,2018-12-13 00:00:00-05:00,1068.07,1079.7596,1053.93,1061.9,1329768,20181213
1068,GOOG,2018-12-14 00:00:00-05:00,1049.98,1062.6,1040.79,1042.1,1686619,20181214
1069,GOOG,2018-12-17 00:00:00-05:00,1037.51,1053.15,1007.9,1016.53,2385364,20181217
1070,GOOG,2018-12-18 00:00:00-05:00,1026.09,1049.48,1021.44,1028.71,2192533,20181218
1071,GOOG,2018-12-19 00:00:00-05:00,1033.99,1062.0,1008.05,1023.01,2479338,20181219
1072,GOOG,2018-12-20 00:00:00-05:00,1018.13,1034.22,996.36,1009.41,2673464,20181220
1073,GOOG,2018-12-21 00:00:00-05:00,1015.3,1024.02,973.69,979.54,4595891,20181221
1074,GOOG,2018-12-24 00:00:00-05:00,973.9,1003.54,970.11,976.22,1590328,20181224
1075,GOOG,2018-12-26 00:00:00-05:00,989.01,1040.0,983.0,1039.46,2373270,20181226
1076,GOOG,2018-12-27 00:00:00-05:00,1017.15,1043.89,997.0,1043.88,2109777,20181227
1077,GOOG,2018-12-28 00:00:00-05:00,1049.62,1055.56,1033.1,1037.08,1413772,20181228
1078,GOOG,2018-12-31 00:00:00-05:00,1050.96,1052.7,1023.59,1035.61,1493722,20181231
1079,GOOG,2019-01-02 00:00:00-05:00,1016.57,1052.32,1015.71,1045.85,1532608,20190102
1080,GOOG,2019-01-03 00:00:00-05:00,1041.0,1056.98,1014.07,1016.06,1841066,20190103
1081,GOOG,2019-01-04 00:00:00-05:00,1032.59,1070.84,1027.4178,1070.71,2093894,20190104
1082,GOOG,2019-01-07 00:00:00-05:00,1071.5,1073.9999,1054.76,1068.39,1981874,20190107
1083,GOOG,2019-01-08 00:00:00-05:00,1076.11,1084.56,1060.53,1076.28,1765267,20190108
1084,GOOG,2019-01-09 00:00:00-05:00,1081.65,1082.63,1066.4,1074.66,1199272,20190109
1085,GOOG,2019-01-10 00:00:00-05:00,1067.66,1071.15,1057.71,1070.33,1456421,20190110
1086,GOOG,2019-01-11 00:00:00-05:00,1063.18,1063.775,1048.48,1057.19,1520756,20190111
1087,GOOG,2019-01-14 00:00:00-05:00,1046.92,1051.53,1041.255,1044.69,1144263,20190114
1088,GOOG,2019-01-15 00:00:00-05:00,1050.17,1080.05,1047.34,1077.15,1463570,20190115
1089,GOOG,2019-01-16 00:00:00-05:00,1080.0,1092.375,1079.34,1080.97,1331819,20190116
1090,GOOG,2019-01-17 00:00:00-05:00,1079.47,1091.8,1073.5,1089.9,1242664,20190117
1091,GOOG,2019-01-18 00:00:00-05:00,1100.0,1108.352,1090.9,1098.26,1955559,20190118
1092,GOOG,2019-01-22 00:00:00-05:00,1088.0,1091.51,1063.47,1070.52,1613527,20190122
1093,GOOG,2019-01-23 00:00:00-05:00,1077.35,1084.93,1059.75,1075.57,966956,20190123
1094,GOOG,2019-01-24 00:00:00-05:00,1076.48,1079.475,1060.7,1073.9,1361673,20190124
1095,GOOG,2019-01-25 00:00:00-05:00,1085.0,1094.0,1081.82,1090.99,1119216,20190125
1096,GOOG,2019-01-28 00:00:00-05:00,1080.11,1083.0,1063.8,1070.08,1284281,20190128
1097,GOOG,2019-01-29 00:00:00-05:00,1072.68,1075.15,1055.8647,1060.62,1021819,20190129
1098,GOOG,2019-01-30 00:00:00-05:00,1068.43,1091.0,1066.85,1089.06,1279822,20190130
1099,GOOG,2019-01-31 00:00:00-05:00,1103.0,1117.33,1095.41,1116.37,1538324,20190131
1100,GOOG,2019-02-01 00:00:00-05:00,1112.4,1125.0,1104.89,1110.75,1462208,20190201
1101,GOOG,2019-02-04 00:00:00-05:00,1112.66,1132.8,1109.02,1132.8,2576470,20190204
1102,GOOG,2019-02-05 00:00:00-05:00,1124.84,1146.85,1117.248,1145.99,3552194,20190205
1103,GOOG,2019-02-06 00:00:00-05:00,1139.57,1147.0,1112.77,1115.23,2105592,20190206
1104,GOOG,2019-02-07 00:00:00-05:00,1104.16,1104.84,1086.0,1098.71,2044827,20190207
1105,GOOG,2019-02-08 00:00:00-05:00,1087.0,1098.91,1086.55,1095.06,1075769,20190208
1106,GOOG,2019-02-11 00:00:00-05:00,1096.95,1105.945,1092.86,1095.01,1065194,20190211
1107,GOOG,2019-02-12 00:00:00-05:00,1106.8,1125.295,1105.85,1121.37,1609513,20190212
1108,GOOG,2019-02-13 00:00:00-05:00,1124.99,1134.73,1118.5,1120.16,1049781,20190213
1109,GOOG,2019-02-14 00:00:00-05:00,1118.05,1128.23,1110.445,1121.67,947632,20190214
1110,GOOG,2019-02-15 00:00:00-05:00,1130.08,1131.67,1110.65,1113.65,1449830,20190215
1111,GOOG,2019-02-19 00:00:00-05:00,1110.0,1121.89,1110.0,1118.56,1046628,20190219
1112,GOOG,2019-02-20 00:00:00-05:00,1119.99,1123.41,1105.28,1113.8,1087817,20190220
1113,GOOG,2019-02-21 00:00:00-05:00,1110.84,1111.94,1092.52,1096.97,1415473,20190221
1114,GOOG,2019-02-22 00:00:00-05:00,1100.9,1111.24,1095.6,1110.37,1049545,20190222
1115,GOOG,2019-02-25 00:00:00-05:00,1116.0,1118.54,1107.27,1109.4,1413061,20190225
1116,GOOG,2019-02-26 00:00:00-05:00,1105.75,1119.51,1099.92,1115.13,1471743,20190226
1117,GOOG,2019-02-27 00:00:00-05:00,1106.95,1117.98,1101.0,1116.05,968760,20190227
1118,GOOG,2019-02-28 00:00:00-05:00,1111.3,1127.65,1111.01,1119.92,1542609,20190228
1119,GOOG,2019-03-01 00:00:00-05:00,1124.9,1142.97,1124.75,1140.99,1450316,20190301
1120,GOOG,2019-03-04 00:00:00-05:00,1146.99,1158.2804,1130.69,1147.8,1446047,20190304
1121,GOOG,2019-03-05 00:00:00-05:00,1150.06,1169.61,1146.195,1162.03,1443174,20190305
1122,GOOG,2019-03-06 00:00:00-05:00,1162.49,1167.5658,1155.49,1157.86,1099289,20190306
1123,GOOG,2019-03-07 00:00:00-05:00,1155.72,1156.755,1134.91,1143.3,1166559,20190307
1124,GOOG,2019-03-08 00:00:00-05:00,1126.73,1147.08,1123.3,1142.32,1212489,20190308
1125,GOOG,2019-03-11 00:00:00-04:00,1144.45,1176.19,1144.45,1175.76,1719192,20190311
1126,GOOG,2019-03-12 00:00:00-04:00,1178.26,1200.0,1178.26,1193.2,2013115,20190312
1127,GOOG,2019-03-13 00:00:00-04:00,1200.645,1200.93,1191.94,1193.32,1435936,20190313
1128,GOOG,2019-03-14 00:00:00-04:00,1194.51,1197.88,1184.48,1185.55,1172815,20190314
1129,GOOG,2019-03-15 00:00:00-04:00,1193.38,1196.57,1182.61,1184.46,2459957,20190315
1130,GOOG,2019-03-18 00:00:00-04:00,1183.3,1190.0,1177.4211,1184.26,1292633,20190318
1131,GOOG,2019-03-19 00:00:00-04:00,1188.81,1200.0,1185.87,1198.85,1520688,20190319
1132,GOOG,2019-03-20 00:00:00-04:00,1197.35,1227.14,1196.17,1223.97,2227786,20190320
1133,GOOG,2019-03-21 00:00:00-04:00,1216.0,1231.79,1213.15,1231.54,1204045,20190321
1134,GOOG,2019-03-22 00:00:00-04:00,1226.32,1230.0,1202.825,1205.5,1714247,20190322
1135,GOOG,2019-03-25 00:00:00-04:00,1196.93,1206.3975,1187.04,1193.0,1496843,20190325
1136,GOOG,2019-03-26 00:00:00-04:00,1198.53,1202.83,1176.72,1184.62,1901156,20190326
1137,GOOG,2019-03-27 00:00:00-04:00,1185.5,1187.559,1159.37,1173.02,1400240,20190327
1138,GOOG,2019-03-28 00:00:00-04:00,1171.54,1171.565,1159.4312,1168.49,1012430,20190328
1139,GOOG,2019-03-29 00:00:00-04:00,1174.9,1178.99,1162.88,1173.31,1269979,20190329
1140,GOOG,2019-04-01 00:00:00-04:00,1184.1,1196.66,1182.0,1194.43,1252757,20190401
1141,GOOG,2019-04-02 00:00:00-04:00,1195.32,1201.35,1185.71,1200.49,827973,20190402
1142,GOOG,2019-04-03 00:00:00-04:00,1207.48,1216.3,1200.5,1205.92,1017838,20190403
1143,GOOG,2019-04-04 00:00:00-04:00,1205.94,1215.67,1204.13,1215.0,950747,20190404
1144,GOOG,2019-04-05 00:00:00-04:00,1214.99,1216.22,1205.03,1207.15,907152,20190405
1145,GOOG,2019-04-08 00:00:00-04:00,1207.89,1208.69,1199.86,1203.84,860363,20190408
1146,GOOG,2019-04-09 00:00:00-04:00,1196.0,1202.29,1193.08,1197.25,876381,20190409
1147,GOOG,2019-04-10 00:00:00-04:00,1200.68,1203.785,1196.435,1202.16,724643,20190410
1148,GOOG,2019-04-11 00:00:00-04:00,1203.96,1207.96,1200.13,1204.62,710231,20190411
1149,GOOG,2019-04-12 00:00:00-04:00,1210.0,1218.35,1208.11,1217.87,933794,20190412
1150,GOOG,2019-04-15 00:00:00-04:00,1218.0,1224.2,1209.1101,1221.1,1187519,20190415
1151,GOOG,2019-04-16 00:00:00-04:00,1225.0,1230.82,1220.12,1227.13,856304,20190416
1152,GOOG,2019-04-17 00:00:00-04:00,1233.0,1240.56,1227.82,1236.34,1221930,20190417
1153,GOOG,2019-04-18 00:00:00-04:00,1239.18,1242.0,1234.61,1236.37,1331823,20190418
1154,GOOG,2019-04-22 00:00:00-04:00,1235.99,1249.09,1228.31,1248.84,807334,20190422
1155,GOOG,2019-04-23 00:00:00-04:00,1250.69,1269.0,1246.38,1264.55,1319910,20190423
1156,GOOG,2019-04-24 00:00:00-04:00,1264.12,1268.01,1255.0,1256.0,1018753,20190424
1157,GOOG,2019-04-25 00:00:00-04:00,1264.77,1267.4083,1252.03,1263.45,1107295,20190425
1158,GOOG,2019-04-26 00:00:00-04:00,1269.0,1273.07,1260.32,1272.18,1241428,20190426
1159,GOOG,2019-04-29 00:00:00-04:00,1274.0,1289.27,1266.2949,1287.58,2499432,20190429
1160,GOOG,2019-04-30 00:00:00-04:00,1185.0,1192.81,1175.0,1188.48,6207027,20190430
1161,GOOG,2019-05-01 00:00:00-04:00,1188.05,1188.05,1167.18,1168.08,2642983,20190501
1162,GOOG,2019-05-02 00:00:00-04:00,1167.76,1174.1895,1155.0018,1162.61,1944817,20190502
1163,GOOG,2019-05-03 00:00:00-04:00,1173.65,1186.8,1169.0,1185.4,1980653,20190503
1164,GOOG,2019-05-06 00:00:00-04:00,1166.26,1190.85,1166.26,1189.39,1563943,20190506
1165,GOOG,2019-05-07 00:00:00-04:00,1180.47,1190.44,1161.04,1174.1,1551368,20190507
1166,GOOG,2019-05-08 00:00:00-04:00,1172.01,1180.4243,1165.74,1166.27,1309514,20190508
1167,GOOG,2019-05-09 00:00:00-04:00,1159.03,1169.66,1150.85,1162.38,1185973,20190509
1168,GOOG,2019-05-10 00:00:00-04:00,1163.59,1172.6,1142.5,1164.27,1314546,20190510
1169,GOOG,2019-05-13 00:00:00-04:00,1141.96,1147.94,1122.11,1132.03,1860648,20190513
1170,GOOG,2019-05-14 00:00:00-04:00,1137.21,1140.42,1119.55,1120.44,1836604,20190514
1171,GOOG,2019-05-15 00:00:00-04:00,1117.87,1171.33,1116.6656,1164.21,2289302,20190515
1172,GOOG,2019-05-16 00:00:00-04:00,1164.51,1188.16,1162.84,1178.98,1531404,20190516
1173,GOOG,2019-05-17 00:00:00-04:00,1168.47,1180.15,1160.01,1162.3,1208623,20190517
1174,GOOG,2019-05-20 00:00:00-04:00,1144.5,1146.7968,1131.4425,1138.85,1353292,20190520
1175,GOOG,2019-05-21 00:00:00-04:00,1148.49,1152.7076,1137.94,1149.63,1160158,20190521
1176,GOOG,2019-05-22 00:00:00-04:00,1146.75,1158.52,1145.89,1151.42,914839,20190522
1177,GOOG,2019-05-23 00:00:00-04:00,1140.5,1145.9725,1129.224,1140.77,1199300,20190523
1178,GOOG,2019-05-24 00:00:00-04:00,1147.36,1149.765,1131.66,1133.47,1112341,20190524
1179,GOOG,2019-05-28 00:00:00-04:00,1134.0,1151.5872,1133.12,1134.15,1365166,20190528
1180,GOOG,2019-05-29 00:00:00-04:00,1127.52,1129.1,1108.2201,1116.46,1538212,20190529
1181,GOOG,2019-05-30 00:00:00-04:00,1115.54,1123.13,1112.12,1117.95,951873,20190530
1182,GOOG,2019-05-31 00:00:00-04:00,1101.29,1109.6,1100.18,1103.63,1508203,20190531
1183,GOOG,2019-06-03 00:00:00-04:00,1065.5,1065.5,1025.0,1036.23,5130576,20190603
1184,GOOG,2019-06-04 00:00:00-04:00,1042.9,1056.05,1033.69,1053.05,2833483,20190604
1185,GOOG,2019-06-05 00:00:00-04:00,1051.54,1053.55,1030.49,1042.22,2168439,20190605
1186,GOOG,2019-06-06 00:00:00-04:00,1044.99,1047.49,1033.7,1044.34,1703244,20190606
1187,GOOG,2019-06-07 00:00:00-04:00,1050.63,1070.92,1048.4,1066.04,1802370,20190607
1188,GOOG,2019-06-10 00:00:00-04:00,1072.98,1092.66,1072.3217,1080.38,1464248,20190610
1189,GOOG,2019-06-11 00:00:00-04:00,1093.98,1101.99,1077.6025,1078.72,1437063,20190611
1190,GOOG,2019-06-12 00:00:00-04:00,1078.0,1080.93,1067.54,1077.03,1061255,20190612
1191,GOOG,2019-06-13 00:00:00-04:00,1083.64,1094.17,1080.15,1088.77,1058000,20190613
1192,GOOG,2019-06-14 00:00:00-04:00,1086.42,1092.69,1080.1721,1085.35,1111643,20190614
1193,GOOG,2019-06-17 00:00:00-04:00,1086.28,1099.18,1086.28,1092.5,941602,20190617
1194,GOOG,2019-06-18 00:00:00-04:00,1109.69,1116.39,1098.99,1103.6,1386684,20190618
1195,GOOG,2019-06-19 00:00:00-04:00,1105.6,1107.0,1093.48,1102.33,1339218,20190619
1196,GOOG,2019-06-20 00:00:00-04:00,1119.99,1120.12,1104.74,1111.42,1262011,20190620
1197,GOOG,2019-06-21 00:00:00-04:00,1109.24,1124.11,1108.08,1121.88,1947591,20190621
1198,GOOG,2019-06-24 00:00:00-04:00,1119.61,1122.0,1111.01,1115.52,1395696,20190624
1199,GOOG,2019-06-25 00:00:00-04:00,1112.66,1114.35,1106.01,1106.21,92433,20190625
